PRODUCT,BRAND,CATEGORY,CAPACITY,ITEM_CODE,ITEM_DESC,PART_NO,UOM,OPEN_QTY,RECEIVED_QTY,ISSUE_QTY,BAL_QTY,AMOUNT
Audio Video,EcoStar,LED TV,"24"" LED TV",01010204030005,Remote control L410 / U520 SERIES (New)7601-C1A062-0134ESA3,7601-C1A062-0134ESA3,PCS,1,0,0,1,354.68
Audio Video,EcoStar,LED TV,"32"" LED TV",01010207220002,Main Board 32U568 17.11.TPVST0062,17.11.TPVST0062,PCS,0,1,0,1,2004.03
Audio Video,EcoStar,LED TV,"32"" LED TV",01010207230033,32 Inches Innolux V320BJ8-Q01(C1) Glassboard 32U571/ 32U860 / 32U871  7432-320IN6-3301M001-F,7432-320IN6-3301M001-F,PCS,40,4,4,40,632666.42
Audio Video,EcoStar,LED TV,"32"" LED TV",01010207350007,Remote control 7601-31A062-0244ESA1 55U571/32u571/43u571/49u571,7601-31A062-0244ESA1,PCS,0,1,0,1,139.25
Audio Video,EcoStar,LED TV,"32"" LED TV",01010207370007,8O 10W Speaker 32U860 7711-A6828A-52101024,7711-A6828A-52101024,PCS,10,0,0,10,3125.73
Audio Video,EcoStar,LED TV,"32"" LED TV",01010207390008, T-CON board 9043-112000-KV564011 32U574,9043-112000-KV564011,PCS,5,0,0,5,5106.97
Audio Video,EcoStar,LED TV,"32"" LED TV",01010207400016,Main board CX-32U861/62 9011-11M235-CB3J3A81,9011-11M235-CB3J3A81,PCS,1,0,0,1,12753.9
Audio Video,EcoStar,LED TV,"32"" LED TV",01010207480001,Main Board CX-32U871 9011-11M235-CN304151,9011-11M235-CN304151,PCS,1,2,2,1,8873.47
Audio Video,EcoStar,LED TV,"32"" LED TV",01010207480012,Main board CX-32U871 9011-11M235-CN3042S1,9011-11M235-CN3042S1,PCS,10,1,0,11,115876.59
Audio Video,EcoStar,LED TV,"32"" LED TV",01010207510005,Bluetooth voice Remote CX-32Q874 (59434) (G-3.0) 7601-ZS0820-0044ESA1,7601-ZS0820-0044ESA1,PCS,0,5,1,4,4154.31
Audio Video,EcoStar,LED TV,"40"" LED TV",01010209140002,MAIN BOARD CX-40U571P 9011-115A3A-A63A2201,9011-115A3A-A63A2201,PCS,0,3,2,1,3463.37
Audio Video,EcoStar,LED TV,"40"" LED TV",01010209260001,Main Board CX-40U871 9011-11M235-CN304141,9011-11M235-CN304141,PCS,0,2,0,2,15547.92
Audio Video,EcoStar,LED TV,"40"" LED TV",01010209260009,Main board CX-40U871 9011-11M235-CN3042Q1,9011-11M235-CN3042Q1,PCS,8,0,0,8,83968.95
Audio Video,EcoStar,LED TV,"55"" LED TV",01010213200001,M4F1 MT9612IAAT/EBZA Main board CX-55UD963 / 55QD970  9011-114F35-M23030E1,9011-114F35-M23030E1,PCS,2,0,0,2,42821.01
Audio Video,EcoStar,LED TV,"65"" LED TV",01010214130002,M4F1 MT9612IAAT/EBZA Main board CX-50UD962 / CX-65UD963 / 65QD870 9011-114F35-M2303101,9011-114F35-M2303101,PCS,2,0,0,2,42276.05
Audio Video,EcoStar,LED TV,"43"" LED TV",01010215050005,LED Light Bar 43U573 31.11.043000019,31.11.043000019,PCS,-3,0,0,-3,-128.41
Audio Video,EcoStar,LED TV,"43"" LED TV",01010215100007,M4F1 MT9612IAAT/EBZA Main board CX-43UD962 / CX-43UD963 9011-114F35-M23030D1,9011-114F35-M23030D1,PCS,4,0,0,4,83805.64
Audio Video,EcoStar,LED TV,"75"" LED TV",01010218040001,MT9632EAATCB Mainboard CX-75UD962  9011-118E35-M2302021,9011-118E35-M2302021,PCS,3,0,0,3,43025.44
Audio Video,EcoStar,Microwave Oven,Models,01010601010002,MEGNITRON em-2021wsm C082021WSM20LN9,C082021WSM20LN9,PCS,0,1,0,1,1353.19
Audio Video,EcoStar,Microwave Oven,Models,01010601010011,Timer - Timer  C162021WSM20LN9  EM-2021WSM, C162021WSM20LN9,PCS,0,1,0,1,540.86
Audio Video,EcoStar,Microwave Oven,Models,01010601100003,Bgrade Sets EM-2023BSM 2023BSM-601100003,2023BSM-601100003,PCS,0,1,0,1,3944
Audio Video,EcoStar,Microwave Oven,Models,01010601140002,Mice Plate  12570000001036  EM-2502SDG,12570000001036,PCS,5,0,0,5,1000
Audio Video,EcoStar,Microwave Oven,Models,01010601140005,Fuse  17470000009122  EM-2502SDG,17470000009122,PCS,0,3,0,3,450
Audio Video,EcoStar,Microwave Oven,Models,01010601150002,Mice Plate  12570000001034  EM-2023WSM,12570000001034,PCS,4,0,0,4,3600
Audio Video,EcoStar,Microwave Oven,Models,01010601150009,H.V.Diode  17470000008946  EM-2023WSM,17470000008946,PCS,0,6,0,6,607.89
Home Appliances,EcoStar,Water Dispensor,Capacity,03020101010010,Hot Tank Assy WD300-HOTTANK  F / WD-350F,WD300-HOTTANK,PCS,1,10,10,1,4435.53
Home Appliances,EcoStar,Water Dispensor,Capacity,03020101010036,Heating Switch RED WD-300F/350FC/FS (36090) WD-30036090,WD-30036090,PCS,1,0,0,1,58.58
Home Appliances,EcoStar,Water Dispensor,Capacity,03020101010037,Cooling switch GREEN WD-300F/350FC/FS (36089) WD-30036089,WD-30036089,PCS,1,0,0,1,58.58
Home Appliances,EcoStar,Water Dispensor,Capacity,03020101010040,WD Compressor WD-300F / WD-350F /WD-450F  QD36LWL,QD36LWL,PCS,0,7,6,1,9458.06
Home Appliances,EcoStar,Water Dispensor,Capacity,03020101030005,Cool Water Tap WD-350 WD350-COOLTAP,WD350-COOLTAP,PCS,5,1,2,4,1209.03
Home Appliances,EcoStar,Water Dispensor,Capacity,03020101030010,Middle Door Hing WD-350 25014350, 25014350,PCS,20,0,0,20,653.76
Home Appliances,EcoStar,Water Dispensor,Capacity,03020101030012,Hot Water Tap WD-350FS WD-5012141718,WD-5012141718,PCS,5,1,2,4,976.43
Home Appliances,EcoStar,Water Dispensor,Capacity,03020101040007,upside door hinge pin WD-350FC/FS(44515)  24012350,24012350,PCS,19,0,0,19,505.16
Home Appliances,EcoStar,Water Dispensor,Capacity,03020101040008,downside hinge pin WD-350FC/FS (44516) 24013350,24013350,PCS,20,0,0,20,528
Home Appliances,EcoStar,Water Dispensor,Capacity,03020101050008,Smart Block WD-300 1284000755,1284000755,PCS,0,26,25,1,12491.63
Home Appliances,EcoStar,Water Dispensor,Capacity,03020101050011,Cool Water Tap WD-300F WD300-COOLTAP,WD300-COOLTAP,PCS,10,113,119,4,29861.79
Home Appliances,EcoStar,Water Dispensor,Capacity,03020101060011,Water Pan WD-351FB (37930) WD351FB-00001,WD351FB-00001,PCS,1,0,0,1,169.8
Home Appliances,EcoStar,Water Dispensor,Capacity,03020101080018,Front Decration Bar WD-450F WD450F000001,WD450F000001,PCS,1,0,0,1,339
Home Appliances,EcoStar,Water Dispensor,Capacity,03020101080020,Door Liner with Magnet Gaskit WD-450FWD450F000003,WD450F000003,PCS,1,0,0,1,339
Home Appliances,EcoStar,Water Dispensor,Capacity,03020101080021,Cabinet Shelf WD-450F WD450F000004,WD450F000004,PCS,1,0,0,1,169.8
Home Appliances,EcoStar,Water Dispensor,Capacity,03020101080024,Indicator Panel WD-450F WD450F000007,WD450F000007,PCS,1,0,0,1,339
Home Appliances,EcoStar,Water Dispensor,Capacity,03020101080025,Safety Lock WD-450F WD450F000008,WD450F000008,PCS,1,0,0,1,33.96
Home Appliances,EcoStar,Water Dispensor,Capacity,03020101080026,Water Drip Tray WD-450F WD450F000009,WD450F000009,PCS,1,0,0,1,271
Home Appliances,EcoStar,Water Dispensor,Capacity,03020101100006,Front Cover 3 Tap WD-302F (56679) WD302F-00002,WD302F-00002,PCS,0,2,0,2,1358.4
Home Appliances,EcoStar,Washing Machine,Fully Automatic,03020202030133,Twist Spring WM12-700 302920870001,302920870001,PCS,0,18,12,6,300
Home Appliances,EcoStar,Washing Machine,Fully Automatic,03020202040006,Soft Press PCB EW-F1202DC / EW-F9502DC 3A.HK680-P,3A.HK680-P,PCS,0,4,3,1,14510.79
Home Appliances,EcoStar,Washing Machine,Fully Automatic,03020202040011,690 Gear Box EW-F1202DC 3W.JS007,3W.JS007,PCS,0,4,3,1,16000
Home Appliances,EcoStar,Washing Machine,Fully Automatic,03020202040018,Hanger-Green or Yellow (Front) EW-F1202DC / EW-F9502DC / EW-F9504DC 3W.JU010,3W.JU010,PCS,2,16,15,3,-126.27
Home Appliances,EcoStar,Washing Machine,Fully Automatic,03020202040020,Water Level Sensor EW-F1202DC 3D.HM007,3D.HM007,PCS,0,12,8,4,6322.25
Home Appliances,EcoStar,Washing Machine,Fully Automatic,03020202040027,Filter Board EW-F1202DC/T680P EW-F9502DC 2Q.CQ69010,2Q.CQ69010,PCS,0,1,0,1,64.53
Home Appliances,EcoStar,Washing Machine,Fully Automatic,03020202040030,Water Inlet Hose EW-F1202DC T680P EW-F9502DC 3G.GA002A,3G.GA002A,PCS,10,2,2,10,4170
Home Appliances,EcoStar,Washing Machine,Fully Automatic,03020202040037,Capacitor 15μF(with Inductance) EW-F1202DC 3D.HF132,3D.HF132,PCS,0,8,6,2,1733
Home Appliances,EcoStar,Washing Machine,Fully Automatic,03020202040038,Rat Board EW-F1202DC 2Q.CA136.D,2Q.CA136.D,PCS,2,0,0,2,260
Home Appliances,EcoStar,Washing Machine,Fully Automatic,03020202040047,Wash Motor 200W EW-F1202DC 3D.HX0101A200-19(L48),3D.HX0101A200-19(L48),PCS,1,5,4,2,13725.65
Home Appliances,EcoStar,Washing Machine,Fully Automatic,03020202040061,690P Wire Harness(Press) EW-F1202DC (58088) 3A.HT690-P,3A.HT690-P,PCS,0,2,0,2,2902.69
Home Appliances,EcoStar,Washing Machine,Fully Automatic,03020202050002,Top Cover / Ring for Water Barral EW-F9502DC / EW-F9504DC(55274) QQ028,QQ028,PCS,0,4,2,2,2809.26
Home Appliances,EcoStar,Washing Machine,Fully Automatic,03020202050022,Cover of Detergent Box EW-F9504DC / EW-F9502DC / EW-F1204DC 2Q.AKM004.BXDJS,2Q.AKM004.BXDJS,PCS,5,0,0,5,605
Home Appliances,EcoStar,Washing Machine,Fully Automatic,03020202060005,Smart Touched IMD Panel  EW-F9504DC 3Q.MK680T,3Q.MK680T,PCS,0,5,0,5,5469.73
Home Appliances,EcoStar,Washing Machine,Fully Automatic,03020202060006,Double Inlet Valve EW-F9504DC 3D.PEL003A,3D.PEL003A,PCS,0,5,2,3,6643.42
Home Appliances,EcoStar,Washing Machine,Fully Automatic,03020202060008,V-Belt:O-485E EW-F9504DC 3J.KD002A,3J.KD002A,PCS,10,0,0,10,1490
Home Appliances,EcoStar,Washing Machine,Fully Automatic,03020202070012,Smart Touched PCB EW-F1204DC 3A.HK680T,3A.HK680T,PCS,1,16,16,1,52989.01
Home Appliances,EcoStar,Washing Machine,Fully Automatic,03020202070014,Base of spin-tub EW-F1204DC / EW-F1202DC 2Q.CQ6907,2Q.CQ6907,PCS,5,0,0,5,4995
Home Appliances,EcoStar,Washing Machine,Fully Automatic,03020202080002,"WATER INLET VALVE EW-F9502DC,F1202DC 3D.PEL003",3D.PEL003,PCS,3,1,3,1,2504.27
Home Appliances,EcoStar,Washing Machine,Fully Automatic,03020202080004,Power cord(3x0.75mm²/European plug) EW-F9502DC 3D.HJ021C,3D.HJ021C,PCS,5,4,8,1,1017
Home Appliances,EcoStar,Washing Machine,Fully Automatic,03020202080005,Left Damper base EW-F9502DC / EW-F9504DC / EW-F1202DC / EW-F1204DC 2Q.CQ69018,2Q.CQ69018,PCS,0,6,2,4,226
Home Appliances,EcoStar,Washing Machine,Fully Automatic,03020202080006,Right Damper base EW-F9502DC / EW-F9504DC / EW-F1202DC / EW-F1204DC 2Q.CQ69019,2Q.CQ69019,PCS,0,5,4,1,19
Home Appliances,EcoStar,Washing Machine,Fully Automatic,03020202080007,135 Right Damper EW-F9502DC  3W.JS6802,3W.JS6802,PCS,0,5,0,5,2254.56
Home Appliances,EcoStar,Washing Machine,Fully Automatic,03020202080008,135 left Damper EW-F9502DC 3W.JS6801,3W.JS6801,PCS,0,11,6,5,2118.24
Home Appliances,EcoStar,Washing Machine,Fully Automatic,03020202080019,680 Gimbals Assy EW-F9502DC 8Q.TY05003G,8Q.TY05003G,PCS,3,0,0,3,2901.6
Home Appliances,EcoStar,Washing Machine,Semi Automatic,03020203040028,Bgrade ON/OFF Button WM12-500 03020203040028,03020203040028,PCS,0,3,2,1,150
Home Appliances,EcoStar,Washing Machine,Semi Automatic,03020203090001,SPIN TIMER EW-T1002JB / EW-T1004MG / EW-S1002WW 3D.HE008C,3D.HE008C,PCS,30,11,14,27,7124.29
Home Appliances,EcoStar,Washing Machine,Semi Automatic,03020203090011,Spin seal WM EW-T1004MG / EW-T1002JB 3J.KA001,3J.KA001,PCS,2,39,36,5,5630.14
Home Appliances,EcoStar,Washing Machine,Semi Automatic,03020203090023,Wash Timer  EW-T1002JB/ EW-T1004 3D.HE002C/ 3D.ECOSTAR001,3D.HE002C,PCS,0,17,6,11,11289.78
Home Appliances,EcoStar,Washing Machine,Semi Automatic,03020203100015,Wash timer EW-T1004MG / EW-T1002JB 3D.ECOSTAR001,3D.ECOSTAR001,PCS,7,10,14,3,2791.07
Home Appliances,EcoStar,Washing Machine,Semi Automatic,03020203100022,Brake strip:388mm EW-T1004MG / EW-T1002JB 3W.JN034,3W.JN034,PCS,1,8,8,1,331.8
Home Appliances,EcoStar,Washing Machine,Semi Automatic,03020203100031,86-10 Funnel of water inlet EW-T1004MG / EW-T1002JB 2P.DG048.A,2P.DG048.A,PCS,10,0,0,10,130.2
Home Appliances,EcoStar,Washing Machine,Semi Automatic,03020203100034,Drain ASSY of 65 EW-T1004MG / EW-T1002JB 8P.TY01010,8P.TY01010,PCS,0,2,0,2,840.72
Home Appliances,EcoStar,Washing Machine,Semi Automatic,03020203100035,Spring foot ASSY EW-T1004MG / EW-T1002JB 8P.TY03001A,8P.TY03001A,PCS,0,12,10,2,611.34
Home Appliances,EcoStar,Washing Machine,Semi Automatic,03020203100038,T350 right frame hinge EW-T1004MG / EW-T1002JB 2P.DI062.A,2P.DI062.A,PCS,10,1,7,4,-42.66
Home Appliances,EcoStar,Washing Machine,Semi Automatic,03020203100042,Shock Reducer EW-T1004MG/EW-T1002JB 3J.KE010,3J.KE010,PCS,10,0,0,10,55.8
Home Appliances,EcoStar,Washing Machine,Semi Automatic,03020203100054,BODY TWIN TUB (EW-T1004MG / EW-T1002JB)  (60035) 509QQ023,509QQ023,PCS,0,1,0,1,4213
Home Appliances,EcoStar,Washing Machine,Semi Automatic,03020203120005,Brake strip L=622 EW-S1002GW 3W.JN041,3W.JN041,PCS,0,7,0,7,195.21
Home Appliances,EcoStar,Washing Machine,Semi Automatic,03020203130001,Extension Feet-1 (Rear Left) EW-W1001GW/EW-W1201GW/EW-S1001GW QQ081,QQ081,PCS,2,1,2,1,150
Home Appliances,EcoStar,Washing Machine,Semi Automatic,03020203130002,Extension Feet-2 (Rear Right) EW-W1001GW/EW-W1201GW/EW-S1001GS QQ082,QQ082,PCS,2,1,2,1,150
Home Appliances,EcoStar,Washing Machine,Semi Automatic,03020203130004,Extension Feet-4 (Front Right) EW-W1001GW/EW-E1201GW/EW-S1001GW QQ084,QQ084,PCS,2,1,2,1,150
Home Appliances,EcoStar,Washing Machine,Semi Automatic,03020203140008,"Balance Ring of Sipin Tub S1001GW,S1002WW,T1004MG,T1002JB (54817) QQ052",QQ052,PCS,0,3,2,1,200
Home Appliances,EcoStar,Washing Machine,Semi Automatic,03020203150001,Gear box with Plastic pully (5:1/T707) EW-W1002GW / EW-W1202GW 3P.JS001B,3P.JS001B,PCS,1,5,4,2,3146.91
Home Appliances,EcoStar,Washing Machine,Semi Automatic,03020203150003,Filter EW-W1002GW 2P.DC012.A,2P.DC012.A,PCS,5,0,0,5,84.02
Home Appliances,EcoStar,Washing Machine,Semi Automatic,03020203150008,Wash timer with buzzer funtion EW-W1002GW 3D.HE038E-9366,3D.HE038E-9366,PCS,0,5,0,5,4483.43
Home Appliances,EcoStar,Washing Machine,Semi Automatic,03020203150020,V-Belt:O-695 EW-W1002GW 3J.KD006C,3J.KD006C,PCS,5,0,0,5,1250
Home Appliances,EcoStar,Washing Machine,Semi Automatic,03020203170001,WASH MOTOR 200W EW-W1202GW 3D.HY0201A200-18/3D.HX0201A200-18(L42),3D.HY0201A200-18,PCS,0,6,4,2,7804.87
Home Appliances,EcoStar,Spinner,Models,03020301040006,ASSY of Brake EW-S1002GW 3W.JM002F,3W.JM002F,PCS,0,13,12,1,3379.59
Home Appliances,EcoStar,Split AC,12000 BTU,03020401010002,Single Phase Synchronous motor ES-12AR01W 11002012030932,11002012030932,PCS,1,0,0,1,1928.82
Home Appliances,EcoStar,Split AC,12000 BTU,03020401010006,Indoor Main control board subassembly    ES-12AR01W 17122000020110,17122000020110,PCS,0,1,0,1,2636.75
Home Appliances,EcoStar,Split AC,12000 BTU,03020401010027,Evaporators ES-12AR01W 15822000008189,15822000008189,PCS,0,8,2,6,57260.94
Home Appliances,EcoStar,Split AC,12000 BTU,03020401050001,Air Louver 12DU01W / ES-12DU02 / 12EM01W 11320005000405,11320005000405,PCS,0,5,0,5,2553.95
Home Appliances,EcoStar,Split AC,12000 BTU,03020401050002,display board  12DU01W 12EM01W 18DU01W 18EM01W 11222014000608,11222014000608,PCS,3,8,10,1,504.73
Home Appliances,EcoStar,Split AC,12000 BTU,03020401050003,Indoor Fan motor 12DU01W 12EM01W 11230003000151,11230003000151,PCS,1,0,0,1,4642
Home Appliances,EcoStar,Split AC,12000 BTU,03020401050004,Stepping motor 12DU01W 12EM01W 11230002000086,11230002000086,PCS,0,5,0,5,1684
Home Appliances,EcoStar,Split AC,12000 BTU,03020401050008,Temperature Sensor 12DU01W 12EM01W 18DU01W 18EM01W 11329013000103,11329013000103,PCS,0,148,50,98,33147.68
Home Appliances,EcoStar,Split AC,12000 BTU,03020401050016,capillary assembly  12DU01W 12EM01W 11225506002105,11225506002105,PCS,1,2,0,3,1604.82
Home Appliances,EcoStar,Split AC,12000 BTU,03020401050018,Outdoor Temperature Sensor (55309) ES-18AR02 / 18NV02WT3 / 12DU01W 12EM01W 18DU01W 18EM01W ES-18DU02 11329013000118,11329013000118,PCS,9,52,36,25,12518.89
Home Appliances,EcoStar,Split AC,12000 BTU,03020401050022,4 Way Valve Tubing Assembly 12DU01W/12EM01W 11225516001229,11225516001229,PCS,2,11,11,2,18634.69
Home Appliances,EcoStar,Split AC,12000 BTU,03020401050032,Remote Control ES-12DU01W (56048) 13222041000116,13222041000116,PCS,0,1,0,1,863.07
Home Appliances,EcoStar,Split AC,12000 BTU,03020401050034,STEPPER MOTOR  24BYJ48*150*XH-5 RED ES-12DU01W 11230002000068,11230002000068,PCS,9,0,0,9,3829.58
Home Appliances,EcoStar,Split AC,12000 BTU,03020401050035,Evaporator Assy ES-12DU01 / ES-12EM01 ES11202526,ES11202526,PCS,0,155,136,19,-228857.68
Home Appliances,EcoStar,Split AC,12000 BTU,03020401050038,Outdoor Controller Assembly 13222004000401 ES-12DU01WG PCB 11222031001269,13222004000401,PCS,1,0,0,1,16907.74
Home Appliances,EcoStar,Split AC,12000 BTU,03020401050039,Outdoor Main Controller ES-12DU01WG (57469) 13222004000447,13222004000447,PCS,4,13,6,11,101010.81
Home Appliances,EcoStar,Split AC,12000 BTU,03020401050041,Indoor Main Controller ES-12DU01WG 13222002005457,13222002005457,PCS,6,16,13,9,55705.73
Home Appliances,EcoStar,Split AC,12000 BTU,03020401050047,Motor Cover 56333 ES-12DU01W 13320052000006,13320052000006,PCS,0,6,0,6,810
Home Appliances,EcoStar,Split AC,12000 BTU,03020401060004,OD Main Board ES-12EM01W / ES-12DU01W (56972) 11222031001349,11222031001349,PCS,3,25,16,12,173592.64
Home Appliances,EcoStar,Split AC,12000 BTU,03020401070002,Evaporator Assembly ES-12PR02WT3 13224003002560,13224003002560,PCS,0,16,12,4,62434.69
Home Appliances,EcoStar,Split AC,12000 BTU,03020401070003,Outdoor Main Controller Assembly (59545) ES-12PR02WT3 13222004000589,13222004000589,PCS,0,2,0,2,21430.68
Home Appliances,EcoStar,Split AC,12000 BTU,03020401070005,Capillary Assembly ES-12PR02WT3 11225506002261,11225506002261,PCS,0,2,1,1,898.84
Home Appliances,EcoStar,Split AC,12000 BTU,03020401070006,Outdoor Main Board  ES-12PR02WT3 11222031001754,11222031001754,PCS,1,0,0,1,2705.96
Home Appliances,EcoStar,Split AC,12000 BTU,03020401070008,Stepping Motor White ES-12PR02WT3/ES-12AR02/ES-12NV02 11230002000166,11230002000166,PCS,1,4,0,5,6679.2
Home Appliances,EcoStar,Split AC,12000 BTU,03020401070009,Display Board (59508) ES-12PR02WT3 / ES-12AR02WT3 / ES-18AR02WT3 (ALL AR0 MODELS) 11222014000819,11222014000819,PCS,0,10,0,10,6946.4
Home Appliances,EcoStar,Split AC,12000 BTU,03020401070010,Indoor Fan Motor ES-12PR02WT3 / ES-12AR01WT3 / ES-12NV01WT3 13330005000059,13330005000059,PCS,0,4,0,4,10000
Home Appliances,EcoStar,Split AC,12000 BTU,03020401070013,Indoor Guide Louver (59657) ES-12PR02WT3 /ES-12AR01WT3 / ES-12NV01WT3 11320005000517,11320005000517,PCS,0,2,0,2,479.56
Home Appliances,EcoStar,Split AC,12000 BTU,03020401070016,4 Way Valve ES-12PR02WT3 13225516000042,13225516000042,PCS,0,2,0,2,8788
Home Appliances,EcoStar,Split AC,12000 BTU,03020401100001,Air louver Horizontal ES-12EMC1WS 13333041000363,13333041000363,PCS,0,6,4,2,648.28
Home Appliances,EcoStar,Split AC,12000 BTU,03020401110001,ID Main Controller ES-12AR01WT3/12NV01WT3 (61937) 13222005000656,13222005000656,PCS,0,5,4,1,10739.48
Home Appliances,EcoStar,Split AC,12000 BTU,03020401110002,Outdoor Main Board ES-12AR01WT3/ES-12NV01 (62320) 13222004000675,13222004000675,PCS,0,3,2,1,33182.14
Home Appliances,EcoStar,Split AC,12000 BTU,03020401160001,Indoor Electric Box (62372) ES-12DU02/ES-12EM02 13222005000647,13222005000647,PCS,0,4,0,4,15472.53
Home Appliances,EcoStar,Split AC,12000 BTU,03020401200009,OD Main Controller (62563) ES-12DU02 / ES-12EM02 / ES-12EMC1WS / ES-10EMC1WS (62563) 13222004000677,13222004000677,PCS,0,4,3,1,32000.52
Home Appliances,EcoStar,Split AC,18000 BTU,03020402010002,Outdoor Main Board  Subassembly ES-18AR01W 17222000025448,17222000025448,PCS,2,3,2,3,25768.27
Home Appliances,EcoStar,Split AC,18000 BTU,03020402010003,Indoor  board ES-18AR01W 17122000039469,17122000039469,PCS,1,0,0,1,0
Home Appliances,EcoStar,Split AC,18000 BTU,03020402010004,Remote Control ES-18AR01W 17317000A53275,17317000A53275,PCS,1,0,0,1,572.49
Home Appliances,EcoStar,Split AC,18000 BTU,03020402010030,Outdoor tempreture sensor ES-12/18/24AR01W 11201007000005,11201007000005,PCS,0,2,1,1,215.68
Home Appliances,EcoStar,Split AC,18000 BTU,03020402020031,IPM PS21965-ASTC55 ES-18CR01W 36000828,36000828,PCS,23,6,13,16,9449.47
Home Appliances,EcoStar,Split AC,18000 BTU,03020402020042,PCB ES-18CRO1W 11222031001197,11222031001197,PCS,2,16,2,16,217193.66
Home Appliances,EcoStar,Split AC,18000 BTU,03020402020069,Crank (R50G/L) 52676 ES-18CR01W / ES-18EMO02WS 11320091000014,11320091000014,PCS,1,0,0,1,5.28
Home Appliances,EcoStar,Split AC,18000 BTU,03020402030007,Outdoor fan motor 13330004000185 ES-18GS01W,13330004000185,PCS,1,0,0,1,2708.1
Home Appliances,EcoStar,Split AC,18000 BTU,03020402030009,Display Board  (47247) ES-18GS01W/18EMC1WS/12DU02/24DU02 MODELS 11222014000650,11222014000650,PCS,0,7,2,5,3065.23
Home Appliances,EcoStar,Split AC,18000 BTU,03020402030012,Wifi Device ES-18GS01W 11222062000021,11222062000021,PCS,48,10,16,42,68177.89
Home Appliances,EcoStar,Split AC,18000 BTU,03020402030015,Electric Box Cover ES-18GS01W 11320068000019,11320068000019,PCS,0,2,0,2,475.44
Home Appliances,EcoStar,Split AC,18000 BTU,03020402040004,WIFI Module Device 12K/18K/24K Prince T3 (62531) 11222062000044,11222062000044,PCS,0,24,5,19,33601.42
Home Appliances,EcoStar,Split AC,18000 BTU,03020402050003,Indoor Main controller 18DU01W 18EM01W 11222003003239,11222003003239,PCS,1,0,0,1,4375.23
Home Appliances,EcoStar,Split AC,18000 BTU,03020402050008,Stepping motor 18DU01W 18EM01W 11230002000152,11230002000152,PCS,20,6,21,5,-1760.7
Home Appliances,EcoStar,Split AC,18000 BTU,03020402050015,4-way valve tubing assembly ES-18DUO1W / ES-18AR02WS / ES-18NV02WT3 11225516001230,11225516001230,PCS,6,11,12,5,42022.31
Home Appliances,EcoStar,Split AC,18000 BTU,03020402050027,Guide Air Louver 11320005000402  18DU01W, 11320005000402,PCS,6,15,0,21,13943.56
Home Appliances,EcoStar,Split AC,18000 BTU,03020402050029,Compressor connecting cable ES-18DU01WG / ES-18DU02WG (55468)  11330025000086,11330025000086,PCS,1,0,0,1,604.83
Home Appliances,EcoStar,Split AC,18000 BTU,03020402050034,Indoor Step Motor ES-18DU01W 11230002000069,11230002000069,PCS,15,2,4,13,5257.9
Home Appliances,EcoStar,Split AC,18000 BTU,03020402050036,Evaporator Assembly ES-18DU01W / ES-18EM01W ES11802526,ES11802526,PCS,0,274,255,19,859578.63
Home Appliances,EcoStar,Split AC,18000 BTU,03020402050037,Indoor Rear Case ES-18DU01W / ES-18EM01W 207ES10118007,207ES10118007,PCS,0,3,2,1,2843.67
Home Appliances,EcoStar,Split AC,18000 BTU,03020402050040,Center frame trim bar (Decorative Strip) ES-18DU01W 11320088000056,11320088000056,PCS,5,3,2,6,1116
Home Appliances,EcoStar,Split AC,18000 BTU,03020402050041,Center frame trim bar (Decorative Strip) ES-18DU01W 11320088000053,11320088000053,PCS,5,0,0,5,930
Home Appliances,EcoStar,Split AC,18000 BTU,03020402050054,Outdoor Grille 18DU01W / ES-18AR02WT3 / ES-18NV02WT3 / ES-24AR02WT3 / ES-18NV02WT3 13320026000021,13320026000021,PCS,0,1,0,1,764.93
Home Appliances,EcoStar,Split AC,18000 BTU,03020402050056,Indoor Motor ES-18DUO1WG/ES-18DU02/ES-18EM02/ES-18AR01/ES-18NV01/ES-18EMC1WS 13330005000029,13330005000029,PCS,6,41,39,8,-3862.82
Home Appliances,EcoStar,Split AC,18000 BTU,03020402050057,Indoor Main Controller /(9005480 PCB)ES-18DU/EM01W 13222002005459,13222002005459,PCS,14,32,34,12,59155.18
Home Appliances,EcoStar,Split AC,18000 BTU,03020402060009,4-Way Valve ES-18EM01W / ES-18DU01W 11325007000128,11325007000128,PCS,0,15,0,15,66803.08
Home Appliances,EcoStar,Split AC,18000 BTU,03020402060019,Discharge Pipe ES-18EMO1WS 11325020001833,11325020001833,PCS,1,0,0,1,721.35
Home Appliances,EcoStar,Split AC,18000 BTU,03020402060027,Outdoor DC motor  ES-18EMO1WS/ES-18EMC1WS/ES-18DU02/ES-18EM02/ES-18AR01/ES-18NV01 13330005000028,13330005000028,PCS,0,2,0,2,21673.82
Home Appliances,EcoStar,Split AC,18000 BTU,03020402060028,Motor cover ES-18EM01WS 11320052000044,11320052000044,PCS,0,1,0,1,339.6
Home Appliances,EcoStar,Split AC,18000 BTU,03020402060029,Motor Cover ES-18EMO1WS (56332) 13320052000010,13320052000010,PCS,0,5,0,5,849
Home Appliances,EcoStar,Split AC,18000 BTU,03020402080001,OUTDOOR Main Board ES-18PR02WT3 11222031001764,11222031001764,PCS,2,9,8,3,57806.27
Home Appliances,EcoStar,Split AC,18000 BTU,03020402080002,Outdoor Electric Box Controller Assembly ES-18PR02WT3/AR01 (59541) 11222004001669/13222004000591,13222004000591,PCS,0,2,0,2,28730.16
Home Appliances,EcoStar,Split AC,18000 BTU,03020402080007,OD Temperature Sensor (59574) ES-18PR02WT3 ES-18AR01WT3 / ES-18NV01WT3 11329013000139,11329013000139,PCS,1,8,1,8,5401.2
Home Appliances,EcoStar,Split AC,18000 BTU,03020402080008,Capillary Assembly ES-18PR02WT3 11325026001077,11325026001077,PCS,0,5,0,5,1076.7
Home Appliances,EcoStar,Split AC,18000 BTU,03020402080010,"11230002000190	Stepper motor ES-18PR02W-T3",11230002000190,PCS,0,11,2,9,2908.03
Home Appliances,EcoStar,Split AC,18000 BTU,03020402080014,Condeser Assembly ES-18PR02WT3 13224004002937,13224004002937,PCS,0,4,2,2,50019.66
Home Appliances,EcoStar,Split AC,18000 BTU,03020402080027,Compressor (59501)  ES-18PR02WT3/ES-18AR01/ES-18NV01/ES-18AR02/ES-18NV02 13223003000174,13223003000174,PCS,0,3,2,1,42489.6
Home Appliances,EcoStar,Split AC,18000 BTU,03020402090008,PCB ODU 18DU01W/O (57483) 11222031001362,11222031001362,PCS,5,40,44,1,-848267.35
Home Appliances,EcoStar,Split AC,18000 BTU,03020402090009,Motor Cover (56779) ES-18DU01GC 11320052000043,11320052000043,PCS,0,1,0,1,169.8
Home Appliances,EcoStar,Split AC,18000 BTU,03020402090011,Outdoor Axial Fan (60707) ES-18DU01GC 509ES20118009,509ES20118009,PCS,0,2,0,2,1700
Home Appliances,EcoStar,Split AC,18000 BTU,03020402130007,Evaporator Assembly (61890) ES-18AR02/NV02WT3 11224003000931,11224003000931,PCS,0,1,0,1,12247
Home Appliances,EcoStar,Split AC,18000 BTU,03020402170002,Indoor Electric Box ES-18DU02/ES-18EM02 13222005000639,13222005000639,PCS,0,4,0,4,17695.4
Home Appliances,EcoStar,Split AC,18000 BTU,03020402190001,ID Main Controller ES-18NV01WT3/ES-18AR01 (61936) 13222005000655,13222005000655,PCS,0,3,2,1,4850.5
Home Appliances,EcoStar,Split AC,24000 BTU,03020403010003,Evaporator assembly ES-24AR01W 15822000008175,15822000008175,PCS,0,3,0,3,23748.62
Home Appliances,EcoStar,Split AC,24000 BTU,03020403010005,Indoor Main control board subassembly ES-24AR01W 17122000020172,17122000020172,PCS,0,3,2,1,1946.83
Home Appliances,EcoStar,Split AC,24000 BTU,03020403020003,Indoor Main controller ES-24CR01W 13222002000498,13222002000498,PCS,0,1,0,1,4278
Home Appliances,EcoStar,Split AC,24000 BTU,03020403020004,Compressor 13223003000090 ES-24CR01W,13223003000090,PCS,0,3,2,1,27168.7
Home Appliances,EcoStar,Split AC,24000 BTU,03020403040002,STEPPER MOTOR ES-24DU01W 11230002000146,11230002000146,PCS,4,4,2,6,3429.06
Home Appliances,EcoStar,Split AC,24000 BTU,03020403040003,Compressor ES-24DU01W/EF-24IB01W 13223004000013,13223004000013,PCS,3,6,6,3,128306.26
Home Appliances,EcoStar,Split AC,24000 BTU,03020403040005,Evaporator Assembly ES-24DU01W/ES-24EM01W ES12402526,ES12402526,PCS,0,24,16,8,58376.24
Home Appliances,EcoStar,Split AC,24000 BTU,03020403040006,Guide Louver (56015) (Horizontal) 24DU01W /ES-24DU02 11320005000404, 11320005000404,PCS,0,3,0,3,2808.84
Home Appliances,EcoStar,Split AC,24000 BTU,03020403040015,Indoor Step Motor ES-24DU01W 11230002000070,11230002000070,PCS,8,1,2,7,4480
Home Appliances,EcoStar,Split AC,24000 BTU,03020403040016,Outdoor Tempreture Sensor ES-24DU01W / ES-24AR02WT3 / ES-2402WT3 11329013000131,11329013000131,PCS,6,9,1,14,8004.24
Home Appliances,EcoStar,Split AC,24000 BTU,03020403040017,Condenser Assembly ES-24DU01W 13224004002527,13224004002527,PCS,0,2,0,2,60304.72
Home Appliances,EcoStar,Split AC,24000 BTU,03020403040018,Indoor Fan Motor ES-24DU01W / ES-24EM01W 11230005000031 Repl 13330005000025,11230005000031,PCS,1,0,0,1,6464
Home Appliances,EcoStar,Split AC,24000 BTU,03020403040019,Outdoor Fan Motor ES-24DU01W / ES-24EM01W 11230005000061,11230005000061,PCS,0,3,0,3,22391.14
Home Appliances,EcoStar,Split AC,24000 BTU,03020403040026,"Compressor connecting wire ES-24DU01WG/ES-24DU02,ES-24EM02 11330025000087",11330025000087,PCS,1,3,2,2,2839.32
Home Appliances,EcoStar,Split AC,24000 BTU,03020403040027,Cross Flow Fan (59576)  ES-24DUO1WG /ES-24EM02/24AR01/02 11220513000059,11220513000059,PCS,1,2,0,3,4033.56
Home Appliances,EcoStar,Split AC,24000 BTU,03020403040035,Indoor Motor IDU ES-24DUO1WG 13330005000025,13330005000025,PCS,0,5,2,3,34815.33
Home Appliances,EcoStar,Split AC,24000 BTU,03020403040038,Indoor Main Controller 24DU01W (59544) 13222002006059,13222002006059,PCS,0,12,4,8,70684.39
Home Appliances,EcoStar,Split AC,24000 BTU,03020403040040,Middle frame trim bar (light platinum grey) ES-24DU01W 11320088000055,11320088000055,PCS,0,19,9,10,2275.32
Home Appliances,EcoStar,Split AC,24000 BTU,03020403050002,4 Way Valve ES-24EMO01W 11325007000130,11325007000130,PCS,0,3,0,3,6188.52
Home Appliances,EcoStar,Split AC,24000 BTU,03020403060001,Indoor Fan Motor  ES-24PR02W/ES-24DU02/ES-24EM02/ES-24AR01/ES-24NV01/ES-18AR02/ES-18NV02/ES-24AR02/ES-24NV02 13330005000039,13330005000039,PCS,0,5,0,5,21259.84
Home Appliances,EcoStar,Split AC,24000 BTU,03020403060002,Guide Louver (Damper) (59658) ES-24PR02WT3 / ES-18PR02WT3 / ES-18AR01WT3 / ES-18NV01WT3 / ES-24AR01WT3 / ES-24NV01WT3 11320005000523,11320005000523,PCS,0,10,0,10,6000
Home Appliances,EcoStar,Split AC,24000 BTU,03020403060003,Master Controller OD ES-24PR02WT3 11222004001682/13222004000590,13222004000590,PCS,0,3,0,3,56861.04
Home Appliances,EcoStar,Split AC,24000 BTU,03020403060007,Indoor Electric Box (60179) ES-24PR02WT3 13222002009605,13222002009605,PCS,0,2,0,2,11546.4
Home Appliances,EcoStar,Split AC,24000 BTU,03020403060009,Evaporator Assembly ES-24PR02WT3 13224003002448,13224003002448,PCS,0,14,7,7,153385.77
Home Appliances,EcoStar,Split AC,24000 BTU,03020403070001,Indoor Electric Box (62368) ES-24AR01/ES-24NV01/ES-18AR02/ES-18NV02/ES-24AR02/ES-24NV02 13222005000107,13222005000107,PCS,0,4,0,4,21187.32
Home Appliances,EcoStar,Split AC,24000 BTU,03020403120001,Indoor Main Controller ES-24EM02WS/ES-24DU02 13222005000650,13222005000650,PCS,0,5,2,3,16494.11
Home Appliances,EcoStar,Split AC,24000 BTU,03020403170001,Outdoor PCB ES-24DU01W 11222031001369,11222031001369,PCS,0,10,0,10,261984.6
Home Appliances,EcoStar,Floor Standing AC,24000 BTU,03020501010004,OUT DOOR MAIN BOARD EF-24IB01W 11222031000786,11222031000786,PCS,0,2,0,2,30484.31
Home Appliances,EcoStar,Floor Standing AC,24000 BTU,03020501010015,INDOOR BOARD EF-24IB01W 13222002001504,13222002001504,PCS,0,2,0,2,5890.3
Home Appliances,EcoStar,Floor Standing AC,24000 BTU,03020501010028,Indoor DC motor EF-24IB01W 13330005000055,13330005000055,PCS,2,0,0,2,20627.3
Home Appliances,EcoStar,Floor Standing AC,24000 BTU,03020501010029,ID Main Controller (59542) EF-48IB01W 13222002007395,13222002007395,PCS,5,0,0,5,34503.35
Home Appliances,EcoStar,Floor Standing AC,24000 BTU,03020501010030,Evaporator Assembly EF-24IB01W 13224003002338,13224003002338,PCS,2,3,1,4,88956.97
Home Appliances,EcoStar,Floor Standing AC,24000 BTU,03020501010034,Horizontal Air vent connecting rod EF-24IB01W 11320085000109,11320085000109,PCS,0,2,0,2,80.6
Home Appliances,EcoStar,Floor Standing AC,24000 BTU,03020501010036,ID Display Pated ( Panel trim Strip ) EF-24IB01W  11320071000067,11320071000067,PCS,0,3,0,3,2417.91
Home Appliances,EcoStar,Floor Standing AC,24000 BTU,03020501010037,Air Outlet Top Cover EF-24IB01W (59675) 13320032000394,13320032000394,PCS,0,1,0,1,2830
Home Appliances,EcoStar,Floor Standing AC,24000 BTU,03020501010038,Lower Panel(Air Intake) EF-24IB01W 11320032000165,11320032000165,PCS,0,1,0,1,1132
Home Appliances,EcoStar,Floor Standing AC,24000 BTU,03020501010039,Cover Tube mounting Plate Assembly EF-24IB01W 11220552000002,11220552000002,PCS,0,3,0,3,315.84
Home Appliances,EcoStar,Floor Standing AC,24000 BTU,03020501010040,Horizontal louver link D EF-24IB01W 11320017000170,11320017000170,PCS,0,2,0,2,271.68
Home Appliances,EcoStar,Floor Standing AC,24000 BTU,03020501010041,right side board assembly EF-24IB01W 11221504000020,11221504000020,PCS,0,6,0,6,18847.8
Home Appliances,EcoStar,Floor Standing AC,24000 BTU,03020501010042,4-way valve tubing assembly EF-24IB01W 13225516000041,13225516000041,PCS,0,10,4,6,62656.6
Home Appliances,EcoStar,Floor Standing AC,24000 BTU,03020501010043,left side board assembly EF-24IB01W 11221503000016,11221503000016,PCS,0,6,0,6,18847.8
Home Appliances,EcoStar,Floor Standing AC,24000 BTU,03020501010044,Reactor EF-24IB01W 11330034000012,11330034000012,PCS,0,5,0,5,12344.45
Home Appliances,EcoStar,Floor Standing AC,24000 BTU,03020501010045,top cover board EF-24IB01W 11320006000115,11320006000115,PCS,0,8,0,8,7552.72
Home Appliances,EcoStar,Floor Standing AC,24000 BTU,03020501010046,roof cover EF-24IB01W 11321041000018,11321041000018,PCS,0,8,0,8,3314.48
Home Appliances,EcoStar,Floor Standing AC,24000 BTU,03020501010047,air outlet foam EF-24IB01W 11328008000047,11328008000047,PCS,0,2,0,2,237.72
Home Appliances,EcoStar,Floor Standing AC,24000 BTU,03020501010049,Outdoor Panel EF-24IB01W 13321005000009,13321005000009,PCS,0,2,0,2,8150.4
Home Appliances,EcoStar,Floor Standing AC,24000 BTU,03020501020007,Condenser assembly EF-24GL01W 13224004001745,13224004001745,PCS,0,1,0,1,11792
Home Appliances,EcoStar,Floor Standing AC,24000 BTU,03020501030001,Outdoor PCB EF-24GL02S 11222031001796,11222031001796,PCS,2,1,2,1,22713.6
Home Appliances,EcoStar,Floor Standing AC,24000 BTU,03020501030002,Indoor Step Motor EF-24GL02S 11230002000077,11230002000077,PCS,0,3,0,3,2070.27
Home Appliances,EcoStar,Floor Standing AC,24000 BTU,03020501030004,Capillary Assembly EF-24GL02S 11225506002222,11225506002222,PCS,0,2,0,2,1575.12
Home Appliances,EcoStar,Floor Standing AC,24000 BTU,03020501030009,Indoor DC Motor EF-24GL02S 13330005000058,13330005000058,PCS,2,0,0,2,4414.8
Home Appliances,EcoStar,Floor Standing AC,24000 BTU,03020501030010,Main Controller EF-24GL02S 13222002008997,13222002008997,PCS,3,0,0,3,14263.2
Home Appliances,EcoStar,Floor Standing AC,24000 BTU,03020501030012,Evaporator Assembly (59517) EF-24GL02S 13224003002337,13224003002337,PCS,0,2,0,2,31776
Home Appliances,EcoStar,Floor Standing AC,48000 BTU,03020502010002,Stepper Motor EF-48IB01W 11230002000020,11230002000020,PCS,1,0,0,1,559.56
Home Appliances,Gas Cylinder,Gas Cylinder,Gas Cylinder,03050101010002,Kaghan Chemicals Disposible Cylinder Gas R-22 Capacity 13.6 KG,0305010101,KG,3,8,10,1,20539.57
Home Appliances,Gas Cylinder,Gas Cylinder,Gas Cylinder,03050101020007,ATTI & CO Disposible Cylinder Gas R-410a Capacity 11.3 KG,0305010102,KG,0,120,112,8,224912.65
Home Appliances,Gas Cylinder,Gas Cylinder,Gas Cylinder,03050101030004,ATTI & CO Disposible Cylinder Gas R-32 Capacity 9.5 KG 0305010103,0305010103,KG,0,30,28,2,51967.25
Home Appliances,Gas Cylinder,Gas Cylinder,Gas Cylinder,03050101040002,Kaghan Chemicals Disposible Cylinder Gas R-134 a Capacity 13.6 KG,0305010104,KG,0,3,1,2,45983.37
Home Appliances,Gree,Split AC,12000 BTU,03010101010010,Health Air Cleaner Screen 11012025,11012025,PCS,0,152,6,146,7775.46
Home Appliances,Gree,Split AC,12000 BTU,03010101010024,Ambient Temperature Sensor390000453,390000453,PCS,4,6,9,1,74.42
Home Appliances,Gree,Split AC,12000 BTU,03010101010079,Axial Flow Fan 10333004,10333004,PCS,0,1,0,1,246.54
Home Appliances,Gree,Split AC,12000 BTU,03010101020013,Indoor Fan Motor 12CITH1/2/GS-12PITH11G FN20J 1501208904,1501208904,PCS,3,0,1,2,3364.89
Home Appliances,Gree,Split AC,12000 BTU,03010101020083,REDUCER 3/8 TO 1/4 Common 7110014,7110014,PCS,1,1,1,1,180
Home Appliances,Gree,Split AC,12000 BTU,03010101020084,REDUCER 5/8 TO 1/2 Common 7110015,7110015,PCS,1,0,0,1,250
Home Appliances,Gree,Split AC,12000 BTU,03010101020086,Health Filter  1112221004,1112221004,PCS,0,154,6,148,7605.26
Home Appliances,Gree,Split AC,12000 BTU,03010101030001,Wall Mounting Frame 01252021,01252021,PCS,1,0,0,1,264.4
Home Appliances,Gree,Split AC,12000 BTU,03010101050024,Outdoor Ambient Temperature Sensor GS-12CITH1 390000451,390000451,PCS,10,3,7,6,485.26
Home Appliances,Gree,Split AC,12000 BTU,03010101050027,Display Board GS-12CITH1 30565007,30565007,PCS,10,5,8,7,4213.92
Home Appliances,Gree,Split AC,12000 BTU,03010101050072,Outdoor Electric Box Sub-Assy GD-12CITH1/2 261310608,261310608,PCS,0,1,0,1,12238.07
Home Appliances,Gree,Split AC,12000 BTU,03010101050075,Outdoor Main Board 12CITH1 30148389,30148389,PCS,2,2,0,4,41051.75
Home Appliances,Gree,Split AC,12000 BTU,03010101050078,Outdoor Temperature Sensor3900030804,3900030804,PCS,2,2,2,2,869.67
Home Appliances,Gree,Split AC,12000 BTU,03010101050086,4-Way Valve 12CITH 430004022,430004022,PCS,10,11,20,1,3476.71
Home Appliances,Gree,Split AC,12000 BTU,03010101050104,Evaporator Assy 12CITH1 1002422LC,1002422LC,PCS,7,97,85,19,522104.01
Home Appliances,Gree,Split AC,12000 BTU,03010101240003,Evaporater Assy 12LM4 / 12LM5L 1002976,1002976,PCS,0,694,652,42,297585.69
Home Appliances,Gree,Split AC,12000 BTU,03010101240012,Remote Control LOMO Series 30510474,30510474,PCS,1,12,6,7,10852.97
Home Appliances,Gree,Split AC,12000 BTU,03010101240033,Evaporator Support 12LM4 (39492) 24212179,24212179,PCS,22,0,0,22,2241.36
Home Appliances,Gree,Split AC,12000 BTU,03010101360002,Indoor Main Boiard 12LM4L 30135000140,30135000140,PCS,0,1,0,1,2021.93
Home Appliances,Gree,Split AC,12000 BTU,03010101360005,Stepping Motors 12LM4L / 18PITH1/2W / GS-12PITCW  1521210710,1521210710,PCS,11,55,69,-3,-410.07
Home Appliances,Gree,Split AC,12000 BTU,03010101360008,capillary sub assy 12LM4L 3000600382,3000600382,PCS,1,9,9,1,279
Home Appliances,Gree,Split AC,12000 BTU,03010101370003,O-GAS KIT  ASSY OF BEARING 12LM5L 7651205102,7651205102,PCS,0,3,2,1,43.81
Home Appliances,Gree,Split AC,12000 BTU,03010101440003,Remote Control  30510408 GS-12LITH11M,30510408,PCS,10,13,17,6,10228.41
Home Appliances,Gree,Split AC,12000 BTU,03010101440004,Outdoor Main Board 12LITH11M 30138000454,30138000454,PCS,1,0,0,1,8574.6
Home Appliances,Gree,Split AC,12000 BTU,03010101440011,DIsplay Board 12LITH11M 30565308,30565308,PCS,1,3,2,2,1870.94
Home Appliances,Gree,Split AC,12000 BTU,03010101470001,Indoor Main Board 12CITH11B 300002000369,300002000369,PCS,4,2,4,2,1400.82
Home Appliances,Gree,Split AC,12000 BTU,03010101470002,"Outdoor Main Board 12CITH11B 300027000418,  Electric box # 100002002251 18+",300027000418,PCS,3,5,4,4,42711.28
Home Appliances,Gree,Split AC,12000 BTU,03010101470010,4-Way Valve Assy  12CITH11B 3073198,3073198,PCS,6,6,8,4,19165.43
Home Appliances,Gree,Split AC,12000 BTU,03010101500004,Outdoor Electric Box 12CITH11S 100002002251,100002002251,PCS,1,1,0,2,26028.48
Home Appliances,Gree,Split AC,12000 BTU,03010101530004,Stepping  Motor gs-12fith1c/GS-12CM11/GS-24PITH21GB-T3 / GS-24PITC12W-T3 1521210712,1521210712,PCS,1,472,401,72,49121.2
Home Appliances,Gree,Split AC,12000 BTU,03010101530005,Outdoor PCB 12FITH1C 300027060233,300027060233,PCS,2,0,1,1,7484.09
Home Appliances,Gree,Split AC,12000 BTU,03010101560003,"Packing Caton Evaporator GS-12CITH13W  5Ply (31""x12""x9"") With Print 03010101560003",03010101560003,NOS,40,0,0,40,9200
Home Appliances,Gree,Split AC,12000 BTU,03010101610001,Outdoor Main Board 12PITH1W 300027060934,300027060934,PCS,2,0,1,1,9388.95
Home Appliances,Gree,Split AC,12000 BTU,03010101610003,Indoor pcb  GS-12PITH1W/21/GS-12PITH21GB-T3  300002061199,300002061199,PCS,11,19,29,1,20678.25
Home Appliances,Gree,Split AC,12000 BTU,03010101610009,Indoor Fan Motor GS-12PITH1W/ GS-12CM11 / GS-12PITCW 150101060282,150101060282,PCS,3,15,16,2,12048.9
Home Appliances,Gree,Split AC,12000 BTU,03010101610010,Outdoor electric box assy GS-12PITH1W/O 100002067383,100002067383,PCS,0,1,0,1,13006.29
Home Appliances,Gree,Split AC,12000 BTU,03010101610011,Indoor front panel assy GS-12PITH1W 3060365LW,3060365LW,PCS,0,2,0,2,498.76
Home Appliances,Gree,Split AC,12000 BTU,03010101610016,Cut-off valve 3/8 71302395 GS-12PITH1W/O,71302395,PCS,22,266,273,15,37736.8
Home Appliances,Gree,Split AC,12000 BTU,03010101610023,Indoor Front Panel 200003060158T GS-12PITH1W,200003060158T,PCS,9,0,0,9,15840
Home Appliances,Gree,Split AC,12000 BTU,03010101610028,Air Outlet (Upper) GS-12PITH1W/2W/11W (53799) 136060110LW,136060110LW,PCS,1,1,0,2,239.57
Home Appliances,Gree,Split AC,12000 BTU,03010101610034,Indoor Rear Case  GS-12PITH1W (61503) 4481060143LW,4481060143LW,PCS,0,1,0,1,2516.8
Home Appliances,Gree,Split AC,12000 BTU,03010101630001,Indoor main board GS-12FITH6G 300002060666, 300002060666,PCS,0,7,2,5,15359.59
Home Appliances,Gree,Split AC,12000 BTU,03010101640001,Indoor Electric Box 100002072950 12PITH11W,100002072950,PCS,0,1,0,1,4697.41
Home Appliances,Gree,Split AC,12000 BTU,03010101640002,Outdoor Main Board GS-12PITH11W 300027061690,300027061690,PCS,2,49,22,29,236166.98
Home Appliances,Gree,Split AC,12000 BTU,03010101640005,Handle (Right) 12PITH11W/12AITH23 / 18PITH11W/18CM11 20014906001701,20014906001701,PCS,1,0,0,1,242.34
Home Appliances,Gree,Split AC,12000 BTU,03010101640006,Outdoor Fan Motor GS-12PITH11W/GS-12PITH21GB-T3 / GS-12PITC12W-T3 15010106050401,15010106050401,PCS,3,0,1,2,4076.57
Home Appliances,Gree,Split AC,12000 BTU,03010101640010,indoor Power Cord 12PITH11W/GS-12CM11 / GS-12PITCW 4002048739,4002048739,PCS,2,0,0,2,738.8
Home Appliances,Gree,Split AC,12000 BTU,03010101680008,Outdoor Electric Box Assy GS-12FITH6C 100002061942,100002061942,PCS,0,1,0,1,11702.9
Home Appliances,Gree,Split AC,12000 BTU,03010101710001,Indoor Step Motor GS-12PITH11G/21GB/24GB/24W GS-12PITCW 1521200607,1521200607,PCS,20,57,76,1,1394.74
Home Appliances,Gree,Split AC,12000 BTU,03010101760004,Outdoor Fan Motor GS-12LM6L/O GS-12CM11 15010106050406,15010106050406,PCS,2,0,0,2,6313.21
Home Appliances,Gree,Split AC,12000 BTU,03010101770003,Indoor Main Board GS-12PIT10W/I/12PITCW/ GS-12PITCW 300002061303,300002061303,PCS,0,5,0,5,43078.37
Home Appliances,Gree,Split AC,12000 BTU,03010101770004,Outdoor Main Board  GS-12PIT10W 300027062107,300027062107,PCS,0,1,0,1,32271.25
Home Appliances,Gree,Split AC,12000 BTU,03010101800001,Indoor Main Board GS-12AITH23S-T3 300002063714,300002063714,PCS,7,2,2,7,23272.48
Home Appliances,Gree,Split AC,12000 BTU,03010101800003,Compressor and Fittings QXFa-M111zE170 GS-12AITH23S-T3/W 9001060719ST,9001060719ST,PCS,3,0,0,3,64275.95
Home Appliances,Gree,Split AC,12000 BTU,03010101800004,Evaporator Assy GS-12AITH23S-T3 1100106258001,1100106258001,PCS,20,1,2,19,198133.8
Home Appliances,Gree,Split AC,12000 BTU,03010101800005,Condenser Assy GS-12AITH23S-T3/W 11002061782,11002061782,PCS,1,1,1,1,22164.12
Home Appliances,Gree,Split AC,12000 BTU,03010101800006,4-Way Valve Assy GS-12AITH23S-T3 30152060734,30152060734,PCS,1,4,2,3,9012.27
Home Appliances,Gree,Split AC,12000 BTU,03010101800008,Rear Case Sub-Assy GS-12AITH23S-T3 37706010101,37706010101,PCS,1,0,0,1,1410.44
Home Appliances,Gree,Split AC,12000 BTU,03010101800013,Stepping Motor GS-12AITH23S-T3 1521210718,1521210718,PCS,10,10,19,1,846.27
Home Appliances,Gree,Split AC,12000 BTU,03010101800016,Electric Box Assy GS-12AITH23S-T3 100002078578,100002078578,PCS,5,0,0,5,60615.51
Home Appliances,Gree,Split AC,12000 BTU,03010101800017,ID Electric Box Assy GS-12AITH23S-T3 100002080929,100002080929,PCS,2,0,0,2,11686.54
Home Appliances,Gree,Split AC,12000 BTU,03010101800018,Brushless DC Motor GS-12AITH23S-T3 150104060117,150104060117,PCS,1,0,0,1,3761.18
Home Appliances,Gree,Split AC,12000 BTU,03010101800019,Main Board GS-12AITH23S-T3 300027063129,300027063129,PCS,8,2,2,8,84928.88
Home Appliances,Gree,Split AC,12000 BTU,03010101800023,Outdoor Left Side Plate GS-12AITH23S-T3 GS-18CM11 12055060395,12055060395,PCS,5,0,0,5,2518.65
Home Appliances,Gree,Split AC,12000 BTU,03010101800024,Air Louver (Left)(Auto) GS-12AITH23S-T3/W  200007060111,200007060111,PCS,3,0,0,3,40.3
Home Appliances,Gree,Split AC,12000 BTU,03010101800025,Guide Louver GS-12AITH23S-T3 20000406022901,20000406022901,PCS,1,0,0,1,335.82
Home Appliances,Gree,Split AC,12000 BTU,03010101800026,Temperature Sensor GS-12AITH23S-T3 3900030905,3900030905,PCS,10,0,0,10,4029.84
Home Appliances,Gree,Split AC,12000 BTU,03010101800028,Accumulator  GS-12AITH23S-T3 35029060009,35029060009,PCS,2,0,0,2,2686.56
Home Appliances,Gree,Split AC,12000 BTU,03010101800030,Air Louver(Right) Air Louver(Right) 200007060110,200007060110,PCS,4,0,0,4,40.3
Home Appliances,Gree,Split AC,12000 BTU,03010101800031,Air Louver (Auto) GS-12AITH23S-T3 200007060117,200007060117,PCS,4,0,0,4,26.87
Home Appliances,Gree,Split AC,12000 BTU,03010101800032,OUTDOOR Front Grill GS-12AITH23S-T3/GS-18CM11  200057060022,200057060022,PCS,1,0,0,1,255.22
Home Appliances,Gree,Split AC,12000 BTU,03010101800033,Electric Expand Valve Fitting GS-12AITH23S-T3/GF-24VTIH 7200206002214,7200206002214,PCS,1,0,0,1,906.71
Home Appliances,Gree,Split AC,12000 BTU,03010101810003,Rear Case assy GS-12CM11 1060305,1060305,PCS,1,0,0,1,5138.05
Home Appliances,Gree,Split AC,12000 BTU,03010101810004,Front Case Assy GS-12CM11 2060324,2060324,PCS,1,0,0,1,1108.21
Home Appliances,Gree,Split AC,12000 BTU,03010101810006,Wall Mounting Frame GS-12CM11/12AITH23 12043000008,12043000008,PCS,2,0,0,2,1074.62
Home Appliances,Gree,Split AC,12000 BTU,03010101810007,Rear Grill GS-12CM11/ GS-12PITH21GB-T3 / GS-12PITCW 16001060095,16001060095,PCS,1,0,0,1,329.1
Home Appliances,Gree,Split AC,12000 BTU,03010101810008,Outdoor Capacitor Electric Box Plate  GS-12CM11 100002073420,100002073420,PCS,4,0,0,4,3895.51
Home Appliances,Gree,Split AC,12000 BTU,03010101810009,ID Electric Box Assy GS-12CM11 100002078211,100002078211,PCS,2,0,0,2,7522.37
Home Appliances,Gree,Split AC,12000 BTU,03010101810010,Cross Flow Fan GS-12CM11 103001060038,103001060038,PCS,4,0,0,4,3358.2
Home Appliances,Gree,Split AC,12000 BTU,03010101810011,Filter Sub-Assy GS-12CM11 111001060341,111001060341,PCS,2,0,0,2,476.86
Home Appliances,Gree,Split AC,12000 BTU,03010101810013,Guide Louver GS-12CM11 200004060197,200004060197,PCS,2,0,0,2,342.54
Home Appliances,Gree,Split AC,12000 BTU,03010101810014,Air Louver (left) GS-12CM11 200007060108,200007060108,PCS,2,0,0,2,40.3
Home Appliances,Gree,Split AC,12000 BTU,03010101810015,Air Louver(right) GS-12CM11 200007060109,200007060109,PCS,2,0,0,2,26.87
Home Appliances,Gree,Split AC,12000 BTU,03010101810016,OD Electric Box GS-12CM11 200013060124,200013060124,PCS,1,0,0,1,369.4
Home Appliances,Gree,Split AC,12000 BTU,03010101810019,Display Board GS-12CM11/GS-18CM11/24CM 300001060895,300001060895,PCS,4,9,12,1,2014.56
Home Appliances,Gree,Split AC,12000 BTU,03010101810020,Terminal Board GS-12CM11 422000000019,422000000019,PCS,1,0,0,1,114.18
Home Appliances,Gree,Split AC,12000 BTU,03010101810021,Main Board GS-12CM11/1CM12 300002063415,300002063415,PCS,4,5,4,5,11753.7
Home Appliances,Gree,Split AC,12000 BTU,03010101810024,Front Panel-charmo A4 GS-12CM11 200003060334T,200003060334T,PCS,2,0,0,2,1074.62
Home Appliances,Gree,Split AC,12000 BTU,03010101820003,Indoor Electric Box Assy GS-12PITH21W-T3 100002071915,100002071915,PCS,1,0,0,1,4701.48
Home Appliances,Gree,Split AC,12000 BTU,03010101830001,4-Way Valve Assy GS-12PITH21GB-T3/12PITH21-T3 30152060850,30152060850,PCS,2,14,13,3,18618.98
Home Appliances,Gree,Split AC,12000 BTU,03010101830004,Front Case Assy GS-12PITH21GB-T3 206028403,206028403,PCS,1,0,0,1,1947.76
Home Appliances,Gree,Split AC,12000 BTU,03010101830005,Front Panel Assy GS-12PITH21GB-T3 306054003,306054003,PCS,1,0,0,1,1679.1
Home Appliances,Gree,Split AC,12000 BTU,03010101830006,Front Case GS-12PITH21GB-T3 20000206006701,20000206006701,PCS,1,0,0,1,940.3
Home Appliances,Gree,Split AC,12000 BTU,03010101830009,Indoor Electric Box Assy GS-12PITH21GB-T3 100002082809,100002082809,PCS,2,0,0,2,9402.96
Home Appliances,Gree,Split AC,12000 BTU,03010101830010,Filter Sub-Assy GS-12PITH21GB-T3 /GS-12PITCW  11100106024905,11100106024905,PCS,1,0,0,1,268.66
Home Appliances,Gree,Split AC,12000 BTU,03010101830012,4-Way Valve Assy GS-12PITH21GB-T3 30152060681,30152060681,PCS,0,3,0,3,9917.53
Home Appliances,Gree,Split AC,12000 BTU,03010101830013,Right Side Plate GS-12PITH21GB-T3/  GS-12PITC12W-T3 1205606038402,1205606038402,PCS,1,0,0,1,671.64
Home Appliances,Gree,Split AC,12000 BTU,03010101830018,Guide Louver Sub-assy GS-12PITH21GB-T3 13606011003,13606011003,PCS,1,0,0,1,839.55
Home Appliances,Gree,Split AC,12000 BTU,03010101830019,Air Louver (left) GS-12PITH21GB-T3 20000706006401,20000706006401,PCS,2,0,0,2,20.15
Home Appliances,Gree,Split AC,12000 BTU,03010101830020,Air Louver(right) GS-12PITH21GB-T3 20000706006501,20000706006501,PCS,2,0,0,2,20.15
Home Appliances,Gree,Split AC,12000 BTU,03010101830021,Air Louver (Auto)  GS-12PITH21GB-T 20000706006601,20000706006601,PCS,2,0,0,2,20.15
Home Appliances,Gree,Split AC,12000 BTU,03010101840003,Indoor Electric Box Assy GS-12AITH23W-T3 100002080293,100002080293,PCS,2,0,0,2,12022.36
Home Appliances,Gree,Split AC,12000 BTU,03010101840004,Guide Louver GS-12AITH23W-T3 200004060229,200004060229,PCS,1,0,0,1,369.4
Home Appliances,Gree,Split AC,12000 BTU,03010101840005,Swing Lever GS-12AITH23W-T3 200035060044,200035060044,PCS,2,0,0,2,20.15
Home Appliances,Gree,Split AC,12000 BTU,03010101840008,Top Cover GS-12AITH23W-T3 200191060055,200191060055,PCS,5,0,0,5,1125
Home Appliances,Gree,Split AC,18000 BTU,03010102010040,Step Motor GS-18CZ / GS-18CITH1 15012086,15012086,PCS,10,5,11,4,3948.68
Home Appliances,Gree,Split AC,18000 BTU,03010102010069,Motor Support Sub-Assy 170339802,0170339802,PCS,2,0,0,2,1341.3
Home Appliances,Gree,Split AC,18000 BTU,03010102010079,Outdoor Fan Motor 18CITH1 1501307502,1501307502,PCS,3,0,0,3,12014.61
Home Appliances,Gree,Split AC,18000 BTU,03010102010082,Outdoor Main Board 18CITH1 301386923 (PNA-EOL),301386923,PCS,2,0,0,2,33317.3
Home Appliances,Gree,Split AC,18000 BTU,03010102010084,Terminal Board42010255,42010255,PCS,0,5,0,5,907.5
Home Appliances,Gree,Split AC,18000 BTU,03010102010089,Drainage Joint26113009,26113009,PCS,0,50,0,50,364.59
Home Appliances,Gree,Split AC,18000 BTU,03010102010114,Evaporator assy GS-18CITH1 1002937LC / 1002686,1002937LC,PCS,18,772,768,22,2677830.09
Home Appliances,Gree,Split AC,18000 BTU,03010102010134,CAPACITOR 450V22UF GS-18CITH1 3331015811,3331015811,PCS,29,9,19,19,575.3
Home Appliances,Gree,Split AC,18000 BTU,03010102010137,RELAY WYN1S-621KM385 GS-18CITH1 34030030,34030030,PCS,200,0,0,200,30000
Home Appliances,Gree,Split AC,18000 BTU,03010102010138,DOUBLE DIODE D4206S GS-18CITH1 35030385,35030385,PCS,60,1,2,59,5900
Home Appliances,Gree,Split AC,18000 BTU,03010102010139,Transformer EE22-8PCQCJY1612 GS-18CITH1 43110329,43110329,PCS,25,0,0,25,2500
Home Appliances,Gree,Split AC,18000 BTU,03010102010140,FET NF7805 GS-18CITH1 10078050,10078050,PCS,50,0,0,50,15000
Home Appliances,Gree,Split AC,18000 BTU,03010102010141,Voltage Regulater 15ETHO6FP-P632X GS-18CITH1 15066320,15066320,PCS,50,0,0,50,15000
Home Appliances,Gree,Split AC,18000 BTU,03010102020076,IC TNY278PN 36000816 GS-24AITH11W/24FITH4WB/24FITH5WB,36000816,PCS,50,0,0,50,7880.92
Home Appliances,Gree,Split AC,18000 BTU,03010102060022,Indoor Fan Motor 18CITH 15012146 FN20V,15012146,PCS,6,1,2,5,4512.27
Home Appliances,Gree,Split AC,18000 BTU,03010102080048,Power Cord GS-18CM11/GS-24CM11/GS-24PITH21GB-T3 4002048716,4002048716,PCS,2,0,0,2,1813.43
Home Appliances,Gree,Split AC,18000 BTU,03010102150005,Indoor Main Board 30037508 GS-18CE,30037508,PCS,0,4,0,4,9133.2
Home Appliances,Gree,Split AC,18000 BTU,03010102230005,Step Motor  18LM4/5/GS-18CM11/GS-18FITH5WB 1521240212,1521240212,PCS,10,11,17,4,2549.89
Home Appliances,Gree,Split AC,18000 BTU,03010102230024,Rear Case Assy 18LM4 22202571,22202571,PCS,1,0,0,1,2412.43
Home Appliances,Gree,Split AC,18000 BTU,03010102280007,Indoor PCB 18CITH1/2 30138000014,30138000014,PCS,1,14,9,6,39006.83
Home Appliances,Gree,Split AC,18000 BTU,03010102280009,4 WAY VALVE COIL GS-18CITH2/GS-26AITH23S-T3 4300040087,4300040087,PCS,2,0,0,2,4367.84
Home Appliances,Gree,Split AC,18000 BTU,03010102280016,Rectifier Bridge D15XB 80BPX64 GS-18CITH2 46010602,46010602,PCS,60,6,12,54,1400
Home Appliances,Gree,Split AC,18000 BTU,03010102280017,FET C00765RT GS-18CITH2 10076500,10076500,PCS,50,0,0,50,15000
Home Appliances,Gree,Split AC,18000 BTU,03010102290006,IC TNY277 GS-18CITH3 36000815,36000815,PCS,99,1,2,98,8820
Home Appliances,Gree,Split AC,18000 BTU,03010102300004,IC A6251SK7N1 GS-18CITH1B 36000770,36000770,PCS,25,0,0,25,2250
Home Appliances,Gree,Split AC,18000 BTU,03010102310017,IC P1027P65 GS-18CITH2G 10276500,10276500,PCS,50,0,0,50,4500
Home Appliances,Gree,Split AC,18000 BTU,03010102330006,IC 8D3T066-R2A20132 GS-18CITH2W 36622132,36622132,PCS,50,1,2,49,4900
Home Appliances,Gree,Split AC,18000 BTU,03010102340008,4 WAY VALVE 18VITH 3073116,3073116,PCS,1,11,10,2,45176.41
Home Appliances,Gree,Split AC,18000 BTU,03010102340012,Cut Off Valve Assy 1/2  7133774 GS-18VITH1,7133774,PCS,36,1139,1155,20,532433.41
Home Appliances,Gree,Split AC,18000 BTU,03010102360002,IC 1616FUI-TMP89FM42UG GS-18CITH1S 16168942,16168942,PCS,50,0,0,50,5000
Home Appliances,Gree,Split AC,18000 BTU,03010102370002,Compressors and Fittings 18LM4L 103372,103372,PCS,0,3,2,1,84000
Home Appliances,Gree,Split AC,18000 BTU,03010102370009,Motor support GS-18LM4L 1705053,1705053,PCS,0,2,0,2,1128
Home Appliances,Gree,Split AC,18000 BTU,03010102380002,Condenssors Assy 18LM5L/18LM4L/18LM8L 1100200666,1100200666,PCS,0,1,0,1,10298.81
Home Appliances,Gree,Split AC,18000 BTU,03010102400002,Outdoor Main Board 18CITH12 300027000417,300027000417,PCS,32,0,0,32,497724.5
Home Appliances,Gree,Split AC,18000 BTU,03010102410005,4-Way Valve Assy  30152000187 GS-18CITH2GNEW/18CITH12G,30152000187,PCS,3,5,7,1,5650.7
Home Appliances,Gree,Split AC,18000 BTU,03010102410011,Outdoor Electric Box 18CITH12G 100002002233,100002002233,PCS,1,1,0,2,81734.21
Home Appliances,Gree,Split AC,18000 BTU,03010102420003,Outdoor Main Board 18LITH11M 300027000202,300027000202,PCS,6,3,0,9,194140.91
Home Appliances,Gree,Split AC,18000 BTU,03010102420009,Compressors and Fitting 18LITH11M 105246,105246,PCS,1,0,0,1,23254.76
Home Appliances,Gree,Split AC,18000 BTU,03010102420015,Display Board 18LITH11M 300001000134,300001000134,PCS,1,2,2,1,902.57
Home Appliances,Gree,Split AC,18000 BTU,03010102420018,Outdoor Electric Box Assy  18LITH11M 100002001064,100002001064,PCS,2,0,0,2,34154.51
Home Appliances,Gree,Split AC,18000 BTU,03010102420020,Capillary Sub-assy 18LITH11M 3000600141,3000600141,PCS,0,33,18,15,5591.75
Home Appliances,Gree,Split AC,18000 BTU,03010102430002,Indoor Main Board 18LM8L 30135000139,30135000139,PCS,3,11,9,5,18756.97
Home Appliances,Gree,Split AC,18000 BTU,03010102460002,Outdoor Main Board 18AITH11 18FITH1 300027000531,300027000531,PCS,30,12,14,28,615264.24
Home Appliances,Gree,Split AC,18000 BTU,03010102460007,Outdoor Electric Box GS-18AITH11W 100002003438,100002003438,PCS,0,1,0,1,19970.66
Home Appliances,Gree,Split AC,18000 BTU,03010102460008,4 Way Valve 18AITH11W  3073203,3073203,PCS,2,2,3,1,11313.96
Home Appliances,Gree,Split AC,18000 BTU,03010102460014,Display Board GS-18AITH11W 300001000133,300001000133,PCS,1,0,0,1,1488
Home Appliances,Gree,Split AC,18000 BTU,03010102460021,IPM SIM6812M GS-18AITH11W/18FITH 36000250,36000250,PCS,72,2,4,70,97969.13
Home Appliances,Gree,Split AC,18000 BTU,03010102500005,IGBT RJP6065 284 GS-18CITH13B 35060052,35060052,PCS,30,8,21,17,1360
Home Appliances,Gree,Split AC,18000 BTU,03010102500006,FET GT30J122 GS-18CITH13B 35060055,35060055,PCS,40,10,0,50,3504.56
Home Appliances,Gree,Split AC,18000 BTU,03010102500007,Voltage Regulater 4311Z GS-18CITH13B 10043100,10043100,PCS,50,0,0,50,5000
Home Appliances,Gree,Split AC,18000 BTU,03010102510002,Transformer CQCEE25-9PA1724 GS-18CITH13W 25917240,25917240,PCS,50,0,0,50,5000
Home Appliances,Gree,Split AC,18000 BTU,03010102510003,"Packing Carton Outdoor PCB GS-18CITH13W 3Ply (11""x 9""x 5"") with Print 03010102510003",03010102510003,NOS,25,0,0,25,1875
Home Appliances,Gree,Split AC,18000 BTU,03010102510004,"Packing Carton Evaporator GS-18CITH13W 5Ply (38""x12""x9"") with Print 03010102510004",03010102510004,NOS,150,0,0,150,40500
Home Appliances,Gree,Split AC,18000 BTU,03010102510005,"Packing Carton Indoor Fan Motor GS-18CITH13W 3Ply (6""x6""x6"") with Print 03010102510005",03010102510005,NOS,25,0,0,25,1050
Home Appliances,Gree,Split AC,18000 BTU,03010102510006,"Packing Carton Outdoor Fan Motor GS-18CITH13W 3Ply (6""x6""x6"") with Print 03010102510006",03010102510006,NOS,25,0,0,25,1050
Home Appliances,Gree,Split AC,18000 BTU,03010102520003,Outdoor PCB 18LITH12 300027000348,300027000348,PCS,1,0,0,1,16742.12
Home Appliances,Gree,Split AC,18000 BTU,03010102540004,In-Door Display Board 18FITH1 300001000209,300001000209,PCS,0,1,0,1,429.4
Home Appliances,Gree,Split AC,18000 BTU,03010102540005,Indoor Main Board 18FITH1C 300002060178,300002060178,PCS,0,2,0,2,5327.09
Home Appliances,Gree,Split AC,18000 BTU,03010102540008,Outdoor P.C.B 18FITH1W 300027060367,300027060367,PCS,11,0,0,11,217212.97
Home Appliances,Gree,Split AC,18000 BTU,03010102540015,Fin Comb 1(1.3/1.4)   79110002  GS-18FITH1C, 79110002,PCS,0,10,0,10,900
Home Appliances,Gree,Split AC,18000 BTU,03010102560003,IGBT FGH40N60SMD 35060059 GS-18CITH11S, 35060059,PCS,0,5,0,5,1957.41
Home Appliances,Gree,Split AC,18000 BTU,03010102560007,Transformer EEH26-11PXMX1813 GS-18CITH11S 180328,180328,PCS,50,0,0,50,5000
Home Appliances,Gree,Split AC,18000 BTU,03010102560008,Outdoor Main Board GS-18CITH11S / GS-18CITH12G 300027000417,300027000417,PCS,25,7,15,17,431174.97
Home Appliances,Gree,Split AC,18000 BTU,03010102600003,Outdoor Main Board  300027060591 GS-18FITH5WB,300027060591,PCS,9,7,15,1,44720.28
Home Appliances,Gree,Split AC,18000 BTU,03010102600004,Outdoor Electric Box Assy  100002064732 GS-18FITH5WB,100002064732,PCS,0,1,0,1,17926.67
Home Appliances,Gree,Split AC,18000 BTU,03010102640001,Outdoor Main Board 18PITH1W 300027061049,300027061049,PCS,34,20,21,33,546577.67
Home Appliances,Gree,Split AC,18000 BTU,03010102640003,Indoor Main Board 18PITH1W/24PITH1W/24PITH21GB/W 300002061198,300002061198,PCS,54,49,102,1,96500.67
Home Appliances,Gree,Split AC,18000 BTU,03010102640006,Indoor front case assy GS-18PITH1W 200002060068LW / 2060180LW,2060180LW,PCS,1,3,3,1,7891.85
Home Appliances,Gree,Split AC,18000 BTU,03010102640007,Indoor filter sub-assy GS-18PITH1W 111001060142,111001060142,PCS,2,0,1,1,212.31
Home Appliances,Gree,Split AC,18000 BTU,03010102640008,4-Way Valve Assy 18PITH1W/O 30152060500,30152060500,PCS,1,4,4,1,7026.66
Home Appliances,Gree,Split AC,18000 BTU,03010102640013,Evaporator Assy GS-18PITH1W 11001060868,11001060868,PCS,33,488,520,1,1384687.44
Home Appliances,Gree,Split AC,18000 BTU,03010102640018,Outdoor Electric Box GS-18PITH1W/O 100002068113,100002068113,PCS,1,0,0,1,17472.46
Home Appliances,Gree,Split AC,18000 BTU,03010102640019,Indoor plug pin GS-18PITH1W 200033060002,200033060002,PCS,49,44,83,10,142.61
Home Appliances,Gree,Split AC,18000 BTU,03010102640035,Electrolytic capacitor 680uF±20%/450V (frequency conversion) GS-18PITH1W 33310311,33310311,PCS,30,3,8,25,28101
Home Appliances,Gree,Split AC,18000 BTU,03010102640036,Fuse T15AH 250V (with lead) (frequency conversion) GS-18PITH1W 46010408,46010408,PCS,50,2,3,49,2609
Home Appliances,Gree,Split AC,18000 BTU,03010102640039,IPM PSS20S92F6-AG GS-18PITH1W 360003000012,360003000012,PCS,21,9,18,12,33929.83
Home Appliances,Gree,Split AC,18000 BTU,03010102640041,CAPACITOR CD11T 100-220 GS-18PITH1W 33310010,33310010,PCS,80,0,0,80,1574.88
Home Appliances,Gree,Split AC,18000 BTU,03010102640042,Rectifier Bridge 8202/406GL GS-18PITH1W 46010601,46010601,PCS,150,1,2,149,3725
Home Appliances,Gree,Split AC,18000 BTU,03010102640043,IC MC9S08FL16-XNN1F10 GS-18PITH1W 98081610,98081610,PCS,17,0,0,17,1998.8
Home Appliances,Gree,Split AC,18000 BTU,03010102650004,Outdoor Fan Motor 18PITH2W 1501306752,1501306752,PCS,1,0,0,1,2188.42
Home Appliances,Gree,Split AC,18000 BTU,03010102660001,Indoor Fan Motor 1501214508 18FITH7S / GS-18PITC12W-T3,1501214508,PCS,26,61,79,8,54944.14
Home Appliances,Gree,Split AC,18000 BTU,03010102660002,Indoor Main Board  300002060668 18FITH7,300002060668,PCS,1,3,0,4,15364.94
Home Appliances,Gree,Split AC,18000 BTU,03010102680001,Outdoor Main Board GS-18PITH11W 300027061686,300027061686,PCS,47,164,146,65,298220.86
Home Appliances,Gree,Split AC,18000 BTU,03010102680002,Indoor Main Board 18PITH11W 300002061856,300002061856,PCS,41,91,66,66,62385.03
Home Appliances,Gree,Split AC,18000 BTU,03010102680003,Outdoor Electric Box 100002072128 18PITH11W,100002072128,PCS,0,5,2,3,49456.72
Home Appliances,Gree,Split AC,18000 BTU,03010102680004,Indoor Electric Box 100002072944 18PITH11W,100002072944,PCS,0,1,0,1,4744.27
Home Appliances,Gree,Split AC,18000 BTU,03010102680007,Outdoor Brushless DC Motor GS-18PITH11W 1501308528,1501308528,PCS,1,0,0,1,1747.65
Home Appliances,Gree,Split AC,18000 BTU,03010102680009,Compressor GS-12PITH11 / 18PITH11W / GS-12PITCW 9001060648,9001060648,PCS,20,65,82,3,488929.88
Home Appliances,Gree,Split AC,18000 BTU,03010102680025,Outdoor Temperature Sensor GS-18PITH11W/O 3900030907,3900030907,PCS,15,16,26,5,4512.94
Home Appliances,Gree,Split AC,18000 BTU,03010102680026,Valve Cover GS-18PITH11W/12AITH23S /18CM11 200087060004,200087060004,PCS,1,0,0,1,59.21
Home Appliances,Gree,Split AC,18000 BTU,03010102680034,Temperature Sensor GS-18PITH11W / GS-12PITCW  3900030811,3900030811,PCS,13,2,6,9,3227.77
Home Appliances,Gree,Split AC,18000 BTU,03010102680043,Magnet Coil GS-18PITH11W/ 18AITH/12PITH/24VTIH 4300040072,4300040072,PCS,2,0,0,2,837.76
Home Appliances,Gree,Split AC,18000 BTU,03010102680062,Compressor GS-12PITH11 / GS-18PITH11W  ( FTZ-AN108ACBD) 9001060648L,9001060648L,PCS,0,45,43,2,969108.29
Home Appliances,Gree,Split AC,18000 BTU,03010102680066,Air Louver 56398 GS-18PITH11W / GS-18PITC12W-T3  20007060051,20007060051,PCS,0,1,0,1,13.5
Home Appliances,Gree,Split AC,18000 BTU,03010102700008,Outdoor Fan Motor 150101060140 GS-18FITH6C,150101060140,PCS,5,1,2,4,12121.28
Home Appliances,Gree,Split AC,18000 BTU,03010102700013,"Compressor and Fittings 105249G GS-18CITH12G / GS-18FITH6C/I , QXA-B141ZF030A R-410a",105249G,PCS,9,7,12,4,112171.61
Home Appliances,Gree,Split AC,18000 BTU,03010102730001,Indoor Front Case GS-18PITH14S 200002060068LS,200002060068LS,PCS,0,1,0,1,3720
Home Appliances,Gree,Split AC,18000 BTU,03010102740002,Rear Case GS-18PITH11G 61060268LG,61060268LG,PCS,0,1,0,1,3520
Home Appliances,Gree,Split AC,18000 BTU,03010102740004,Indoor Guide Louver (Upper) GS-18PITH11G 136060118G,136060118LG,PCS,0,1,0,1,93
Home Appliances,Gree,Split AC,18000 BTU,03010102740005,Indoor Guide Louver (Lower) GS-18PITH11G 136060119G,136060119LG,PCS,1,1,1,1,130.15
Home Appliances,Gree,Split AC,18000 BTU,03010102740007,IC STE20D561K20P5FSB GS-18PITH11G 3001-0164,3001-0164,PCS,100,0,0,100,5000
Home Appliances,Gree,Split AC,18000 BTU,03010102740009,Indoor Front case Assy 18PITH11G 5092060290LG,5092060290LG,PCS,0,3,0,3,11160
Home Appliances,Gree,Split AC,18000 BTU,03010102740010,Indoor Front Panel GS-18PITH11G 5093060557LG,5093060557LG,PCS,0,1,0,1,450.63
Home Appliances,Gree,Split AC,18000 BTU,03010102740013,Guide Louver Air-Grill Gray (Lower) GS-18PITH11G (59460) 50913606011802LG,50913606011802LG,PCS,0,1,0,1,226
Home Appliances,Gree,Split AC,18000 BTU,03010102760002,Compressor & Fittings GS-18LM6L/O 9001060710,9001060710,PCS,1,1,1,1,33551.42
Home Appliances,Gree,Split AC,18000 BTU,03010102760006,Outdoor Fan Motor GS-18LM6L/O / GS-18CM11 15010106050301,15010106050301,PCS,2,0,0,2,8247.12
Home Appliances,Gree,Split AC,18000 BTU,03010102760008,Motor support sub assy  GS-18LM6L (56463) 12048060140,12048060140,PCS,1,0,0,1,2511
Home Appliances,Gree,Split AC,18000 BTU,03010102770001,Outdoor Brushless DC Motor GS-18PIT10W//GS-12AITH23S-T3 150104060095,150104060095,PCS,2,5,5,2,21706.97
Home Appliances,Gree,Split AC,18000 BTU,03010102770002,Indoor Main Board GS-18PIT10W/I GS-18PITC12W-T3 300002061783,300002061783,PCS,0,5,0,5,38728.84
Home Appliances,Gree,Split AC,18000 BTU,03010102770004,Indoor Air Louver 2 GS-18PIT10W/I GS-18PITC12W-T3 200007060053,200007060053,PCS,0,1,0,1,43.36
Home Appliances,Gree,Split AC,18000 BTU,03010102790001,Outdoor Main Board GS-18PITH10W/O / GS-18PITC12W-T3 300027062670,300027062670,PCS,0,4,0,4,70758.08
Home Appliances,Gree,Split AC,18000 BTU,03010102800001,Front Case Assy GS-18AITH23W-T3 (58614) 2060378,2060378,PCS,1,0,0,1,8999.98
Home Appliances,Gree,Split AC,18000 BTU,03010102800003,Electric Box Assy GS-18AITH23W-T3 100002079584,100002079584,PCS,5,0,0,5,78581.88
Home Appliances,Gree,Split AC,18000 BTU,03010102800004,OD Main Board  GS-18AITH23W-T3 300027063261,300027063261,PCS,5,9,8,6,87917.01
Home Appliances,Gree,Split AC,18000 BTU,03010102800005,"Remote Controller GS-18AITH23W-T3,12AITH 26AITH 305001060219",305001060219,PCS,14,0,0,14,21156.66
Home Appliances,Gree,Split AC,18000 BTU,03010102800006,Display Board GS-18AITH23W-T3/12/24AITH23W  300001061471,300001061471,PCS,2,0,0,2,3559.69
Home Appliances,Gree,Split AC,18000 BTU,03010102800007,Front Case Assy GS-18AITH23W-T3 2060360,2060360,PCS,1,0,0,1,5910.43
Home Appliances,Gree,Split AC,18000 BTU,03010102800008,Evaporator Assy GS-18AITH23W-T3 / GS-18AITH21W-T3/ GS-18CM11 / GS-18ZITH  11001062414,11001062414,PCS,50,63,96,17,595030.56
Home Appliances,Gree,Split AC,18000 BTU,03010102800009,Front Panel Assy GS-18AITH23W-T3 3060822,3060822,PCS,1,0,0,1,1947.76
Home Appliances,Gree,Split AC,18000 BTU,03010102800011,Condenser Assy GS-18AITH23W-T3/ 24PITH21W-T3/24VTIH 11002061698,11002061698,PCS,2,0,0,2,50037.18
Home Appliances,Gree,Split AC,18000 BTU,03010102800012,Front Case Sub-assy GS-18AITH23W-T3 209007060121,209007060121,PCS,1,0,0,1,2283.58
Home Appliances,Gree,Split AC,18000 BTU,03010102800014,Rear Grill GS-18AITH23S-T3/ 24PITH21GB-T3/-24VTIH GS-24PITC12W-T3 16001060085,16001060085,PCS,2,0,0,2,805.97
Home Appliances,Gree,Split AC,18000 BTU,03010102800016,Electric Box Assy GS-18AITH23W-T3 100002080333,100002080333,PCS,2,0,0,2,12022.36
Home Appliances,Gree,Split AC,18000 BTU,03010102800017,Left Side Plate Sub-Assy GS-18AITH23W-T3 17037060360,17037060360,PCS,5,0,0,5,2014.92
Home Appliances,Gree,Split AC,18000 BTU,03010102800018,Guide Louver GS-18AITH23W-T3 200004060230,200004060230,PCS,1,0,0,1,503.73
Home Appliances,Gree,Split AC,18000 BTU,03010102800019,Temperature Sensor PITH /AITH/Zith COMMON 3900031314,3900031314,PCS,50,53,102,1,13562.57
Home Appliances,Gree,Split AC,18000 BTU,03010102800020,Power Cord GS-18AITH23W-T3 4002048715,4002048715,PCS,1,0,0,1,604.48
Home Appliances,Gree,Split AC,18000 BTU,03010102800021,Bottom Cover Plate GS-18AITH23W-T3 180385000005,180385000005,PCS,1,0,0,1,436.57
Home Appliances,Gree,Split AC,18000 BTU,03010102800022,Top Cover GS-18AITH23W-T3 200050060045,200050060045,PCS,1,0,0,1,369.4
Home Appliances,Gree,Split AC,18000 BTU,03010102810002,Display Board GS-18AITH23S-T3/12/26 AITH23W 300001061506,300001061506,PCS,2,0,0,2,3559.69
Home Appliances,Gree,Split AC,18000 BTU,03010102810003,Guide Louver GS-18AITH23S-T3 20000406023001P,20000406023001P,PCS,1,0,0,1,553.37
Home Appliances,Gree,Split AC,18000 BTU,03010102810007,Gear Assembly Right With Lever Side GS-12/18/26AITH23S-T3 242060003,242060003,PCS,5,0,0,5,419.74
Home Appliances,Gree,Split AC,18000 BTU,03010102810008,Gear Assy Left  GS-18AITH23S-T3/GS-26AITH23S-T3 242060006,242060006,PCS,3,0,0,3,241.76
Home Appliances,Gree,Split AC,18000 BTU,03010102810011,Compressor and Fittings GS-18AITH23S-T3/GS-18AITH23W-T3 9001060726,9001060726,PCS,5,0,0,5,108301.95
Home Appliances,Gree,Split AC,18000 BTU,03010102810012,4-Way Valve Assy GS-18AITH23S-T3 30152061314,30152061314,PCS,2,14,14,2,17248.88
Home Appliances,Gree,Split AC,18000 BTU,03010102810013,Rear Case Sub-Assy GS-18AITH23S-T3 37706010701,37706010701,PCS,2,0,0,2,4432.82
Home Appliances,Gree,Split AC,18000 BTU,03010102810014,Outdoor Top Cover GS-18AITH23S-T3/GS-24PITH21GB-T3/24VTIH GS-24PITC12W-T3 9706033301,9706033301,PCS,5,0,0,5,8395.5
Home Appliances,Gree,Split AC,18000 BTU,03010102810015,Wall Mounting Frame GS-18AITH23S-T3/GS-18/24CM/26AIT 12043060024,12043060024,PCS,6,0,0,6,4443.02
Home Appliances,Gree,Split AC,18000 BTU,03010102810016,Chassis Sub-assy GS-18AITH23S-T3 / GS-24PITC12W-T3 17000060761,17000060761,PCS,3,0,0,3,8361.92
Home Appliances,Gree,Split AC,18000 BTU,03010102810018,Front Grill GS-18AITH23S-T3 / GS-24PITC12W-T3  200057060011,200057060011,PCS,1,0,0,1,325.75
Home Appliances,Gree,Split AC,18000 BTU,03010102810021,Front Case Sub-assy GS-18AITH23S-T3 20900706012101,20900706012101,PCS,1,0,0,1,4365.66
Home Appliances,Gree,Split AC,18000 BTU,03010102810023,ID Electric Box Assy GS-18AITH23S-T3 100002080941,100002080941,PCS,3,0,0,3,17932.79
Home Appliances,Gree,Split AC,18000 BTU,03010102810024,Brushless DC Motor GS-18AITH23S-T3 GF-24VTIH 150104060103,150104060103,PCS,5,0,0,5,25018.59
Home Appliances,Gree,Split AC,18000 BTU,03010102810025,Valve Cover GS-18AITH23S-T3/GF-24VTIH/GS-24CM11/24PITH21/ GS-24PITC12W-T3   200087060005,200087060005,PCS,3,0,0,3,201.49
Home Appliances,Gree,Split AC,18000 BTU,03010102810026,Stepping Motor GS-12/18/26AITH23S-T3  1501213905,1501213905,PCS,50,0,0,50,20149.2
Home Appliances,Gree,Split AC,18000 BTU,03010102810029,Outdoor Temperature Sensor GS-18AITH23S-T3/18AITH/24PITH/24VTIH/Zith GS-24PITC12W-T3  3900030912,3900030912,PCS,30,10,17,23,12098.42
Home Appliances,Gree,Split AC,18000 BTU,03010102810030,Filter assembly honeycomb mesh GS-18AITH23S-T3 111001060404,111001060404,PCS,6,0,0,6,402.98
Home Appliances,Gree,Split AC,18000 BTU,03010102810031,Air Louver (Auto) GS-18AITH23S-T3 200007060114,200007060114,PCS,4,0,0,4,80.6
Home Appliances,Gree,Split AC,18000 BTU,03010102810032,Air Louver (Auto) GS-18AITH23S-T3 200007060115,200007060115,PCS,4,0,0,4,53.73
Home Appliances,Gree,Split AC,18000 BTU,03010102810033,Air Louver (Auto) GS-18AITH23S-T3 200007060116,200007060116,PCS,4,0,0,4,26.87
Home Appliances,Gree,Split AC,18000 BTU,03010102810034,Swing Lever GS-18AITH23S-T3 200035060043,200035060043,PCS,4,0,0,4,67.16
Home Appliances,Gree,Split AC,18000 BTU,03010102810035,Electric Expand Valve Fitting GS-18AITH23S-T3 7200206002231,7200206002231,PCS,1,0,0,1,906.71
Home Appliances,Gree,Split AC,18000 BTU,03010102810039,Indoor Main Board GS-18AITH23S-T3/GS-12AITH21W-T3/24AITH  300002064859,300002064859,PCS,0,12,2,10,39140.67
Home Appliances,Gree,Split AC,18000 BTU,03010102820001,Indoor Main Board GS-18CM11/GS-24CM11/CM12 300002063247,300002063247,PCS,20,11,12,19,55064.34
Home Appliances,Gree,Split AC,18000 BTU,03010102820002,Evaporator Sub Assy GS-18CM11-T3 / GS-18ZITH1W-T3 1000106068502,1000106068502,PCS,0,1,0,1,12035.54
Home Appliances,Gree,Split AC,18000 BTU,03010102820003,Cross Flow Fan GS-18CM11/GS-18AITH23S-T3/21/24 103001060034,103001060034,PCS,4,1,2,3,4298.5
Home Appliances,Gree,Split AC,18000 BTU,03010102820004,Compressorr & Fittings GS-18CM11 9001060932,9001060932,PCS,3,2,4,1,91376.62
Home Appliances,Gree,Split AC,18000 BTU,03010102820007,Front Case Assy GS-18CM11 2060422,2060422,PCS,2,0,0,2,3694.02
Home Appliances,Gree,Split AC,18000 BTU,03010102820008,Active Carbon Filter GS-18CM11 11012025,11012025,PCS,2,0,0,2,107.46
Home Appliances,Gree,Split AC,18000 BTU,03010102820011,Rear Case Sub-Assy GS-18CM11 37706007901,37706007901,PCS,1,0,0,1,2082.08
Home Appliances,Gree,Split AC,18000 BTU,03010102820012,Front Panel GS-18CM11 200003060331T,200003060331T,PCS,1,0,0,1,738.8
Home Appliances,Gree,Split AC,18000 BTU,03010102820015,Front Case GS-18CM11 200002060086,200002060086,PCS,1,0,0,1,1410.44
Home Appliances,Gree,Split AC,18000 BTU,03010102820017,Electric Box Assy GS-18CM11 100002079586,100002079586,PCS,5,0,0,5,19981.29
Home Appliances,Gree,Split AC,18000 BTU,03010102820018,Guide Louver GS-18CM11 200004060196,200004060196,PCS,2,0,0,2,738.8
Home Appliances,Gree,Split AC,18000 BTU,03010102820019,Filter Sub-Assy GS-18CM11 111001060338,111001060338,PCS,5,0,0,5,1847.01
Home Appliances,Gree,Split AC,18000 BTU,03010102820021,Outdoor Electric Capacitor Plate  GS-18CM11 100002072782,100002072782,PCS,6,0,0,6,6649.24
Home Appliances,Gree,Split AC,18000 BTU,03010102820022,Air Louver GS-18CM11 200007060112,200007060112,PCS,1,0,0,1,33.58
Home Appliances,Gree,Split AC,18000 BTU,03010102820023,Air Louver GS-18CM11 200007060113,200007060113,PCS,1,0,0,1,20.15
Home Appliances,Gree,Split AC,18000 BTU,03010102820024,Outdoor Rear Grill GS-18CM11 GS-12AITH23W-T3 16001060082,16001060082,PCS,1,0,0,1,369.4
Home Appliances,Gree,Split AC,18000 BTU,03010102840001,Fan Motor OD GS-18PITH21W-T3 150104060102,150104060102,PCS,3,0,0,3,14346.51
Home Appliances,Gree,Split AC,18000 BTU,03010102840002,Outdoor Main Board GS-18PITH21W-T3 300027062460,300027062460,PCS,10,3,0,13,151134.58
Home Appliances,Gree,Split AC,18000 BTU,03010102840003,Condenser Assy CS-18PITH21W-T3/GB 11002061459,11002061459,PCS,1,0,0,1,24414.11
Home Appliances,Gree,Split AC,18000 BTU,03010102840004,Front Case Assy GS-18PITH21W-T3/GS-18PITH15/16/17/18 W-T3 2060389,2060389,PCS,1,0,0,1,1981.34
Home Appliances,Gree,Split AC,18000 BTU,03010102840006,Axial Flow Fan GS-18PITH21W-T3 10333014,10333014,PCS,1,4,0,5,5037.3
Home Appliances,Gree,Split AC,18000 BTU,03010102840007,Compressor and Fittings GS-18PITH21W-T3 9001060783,9001060783,PCS,5,0,3,2,42850.63
Home Appliances,Gree,Split AC,18000 BTU,03010102840009,Outdoor Front Panel GS-18PITH21W-T3/GB/24CM11 12022060011,12022060011,PCS,3,1,0,4,5910.43
Home Appliances,Gree,Split AC,18000 BTU,03010102840011,Rear Case Sub-Assy GS-18PITH21W-T3 377060125,377060125,PCS,1,0,0,1,2249.99
Home Appliances,Gree,Split AC,18000 BTU,03010102840013,Indoor Electric Box Assy GS-18PITH21W-T3 100002082150,100002082150,PCS,3,0,0,3,14507.42
Home Appliances,Gree,Split AC,18000 BTU,03010102840014,Outdoor Rear Grill GS-18PITH21W-T3/GS-24CM11/ GS-18ZITH1W 16001060086,16001060086,PCS,1,0,0,1,369.4
Home Appliances,Gree,Split AC,18000 BTU,03010102850001,Indoor Main Board GS-18PITH15/16/17/21B/G/ GS-24PITH15/16/17 B/G-T3 300002062614,300002062614,PCS,18,41,20,39,120487.62
Home Appliances,Gree,Split AC,18000 BTU,03010102850002,Display Board GS-18PITH21G-T3/GS-24PITH21W-T3  / GS-12PITCW 300001061186,300001061186,PCS,2,0,0,2,2820.89
Home Appliances,Gree,Split AC,18000 BTU,03010102850003,Indoor Front Panel GS-18PITH21GB-T3 20000306025601K03,20000306025601K03,PCS,1,0,0,1,2585.81
Home Appliances,Gree,Split AC,18000 BTU,03010102850004,Front Panel GS-18PITH21GB-T3 20000306025601P03,20000306025601P03,PCS,1,0,0,1,2619.4
Home Appliances,Gree,Split AC,18000 BTU,03010102850005,Front Panel GS-18PITH21GB-T3 20000306025601T03,20000306025601T03,PCS,1,0,0,1,2619.4
Home Appliances,Gree,Split AC,18000 BTU,03010102850006,Indoor Front Case GS-18PITH21GB-T3 20000206006801,20000206006801,PCS,1,0,0,1,1477.61
Home Appliances,Gree,Split AC,18000 BTU,03010102850007,Outdoor Front Grill GS-18PITH21GB-T3 200057060023,200057060023,PCS,1,0,0,1,278.73
Home Appliances,Gree,Split AC,18000 BTU,03010102850009,Indoor Front Case Assy GS-18PITH21GB-T3 206039103,206039103,PCS,1,0,0,1,3391.78
Home Appliances,Gree,Split AC,18000 BTU,03010102850010,Outdoor Right Side Plate Assy GS-18PITH21GB-T3/W / GS-18ZITH1W  81060230,81060230,PCS,5,0,0,5,5876.85
Home Appliances,Gree,Split AC,18000 BTU,03010102850012,Guide Louver (upper) GS-18PITH21GB-T3 20000406015601P03,20000406015601P03,PCS,2,0,0,2,1276.12
Home Appliances,Gree,Split AC,18000 BTU,03010102850014,Indoor Rear Case Sub-Assy GS-18PITH21GB-T3 377060130,377060130,PCS,1,0,0,1,2249.99
Home Appliances,Gree,Split AC,18000 BTU,03010102850015,Filter Sub-Assy GS-18PITH21GB-T3 11100106024704,11100106024704,PCS,2,0,0,2,873.13
Home Appliances,Gree,Split AC,18000 BTU,03010102850016,Indoor Electric Box Assy GS-18PITH21GB-T3 100002084961,100002084961,PCS,3,0,0,3,14507.42
Home Appliances,Gree,Split AC,18000 BTU,03010102850018,OD Right Side Plate GS-18PITH21GB-T3  / GS-18AITH21W-T3 18ZITH1W 1205606036801P,1205606036801P,PCS,1,0,0,1,906.71
Home Appliances,Gree,Split AC,18000 BTU,03010102850019,Swing Lever GS-18PITH21GB-T3 / GS-18PITC12W-T3 20003506002001,20003506002001,PCS,2,0,0,2,40.3
Home Appliances,Gree,Split AC,18000 BTU,03010102850020,Electric Box Assy GS-18PITH21GB-T3 100002074802,100002074802,PCS,5,0,0,5,68171.46
Home Appliances,Gree,Split AC,18000 BTU,03010102850021,Temperature Sensor GS-18PITH21GB-T3 3900030913,3900030913,PCS,15,0,0,15,6044.76
Home Appliances,Gree,Split AC,18000 BTU,03010102850023,Display Board GS-12/18/24PITH21GB-T3  300001061236,300001061236,PCS,2,2,2,2,2820.89
Home Appliances,Gree,Split AC,18000 BTU,03010102850024,Remote Controller GS-18PITH21GB-T3/12/24PITH21GB 305001060182,305001060182,PCS,15,0,0,15,22667.85
Home Appliances,Gree,Split AC,18000 BTU,03010102850025,Guide Louver Sub-assy GS-18PITH21GB-T3 13606011804,13606011804,PCS,1,0,0,1,537.31
Home Appliances,Gree,Split AC,18000 BTU,03010102850026,Guide Louver Sub-assy GS-18PITH21GB-T3 13606011904,13606011904,PCS,1,0,0,1,705.22
Home Appliances,Gree,Split AC,18000 BTU,03010102850027,Air Louver GS-18PITH21GB-T3 20000706005101,20000706005101,PCS,2,0,0,2,20.15
Home Appliances,Gree,Split AC,18000 BTU,03010102850028,Air Louver GS-18PITH21GB-T3 20000706005201,20000706005201,PCS,2,0,0,2,13.43
Home Appliances,Gree,Split AC,18000 BTU,03010102850029,Air Louver GS-18PITH21GB-T3 20000706005301,20000706005301,PCS,2,0,0,2,20.15
Home Appliances,Gree,Split AC,18000 BTU,03010102850030,Outdoor Main Board GS-18PITH21GB-T3 / GS-18PITH15 / GS-18PITH16 / GS-18PITH17 W-T3 300027065504,300027065504,PCS,0,29,4,25,299593.37
Home Appliances,Gree,Split AC,18000 BTU,03010102880001,Outdoor Main Board GS-18AITH21B-T3 300027065140,300027065140,PCS,0,1,0,1,13031.26
Home Appliances,Gree,Split AC,18000 BTU,03010102920001,Indoor Front Panel GS-18PITH17G-T3 / GS-18PITH18G-T3 (61929) 5093060384LGT3,5093060384LGT3,PCS,0,4,2,2,-596
Home Appliances,Gree,Split AC,24000 BTU,03010103010015,Indoor Fan Motor GS-24CZ6/7/8 / GS-24CITH1/2 15012098,15012098,PCS,5,8,12,1,27141.46
Home Appliances,Gree,Split AC,24000 BTU,03010103010028,Indoor Main Board GS-24CZ 30135296,30135296,PCS,1,0,0,1,70
Home Appliances,Gree,Split AC,24000 BTU,03010103010045,AC Contactor44010245,44010245,PCS,2,0,0,2,2006.83
Home Appliances,Gree,Split AC,24000 BTU,03010103020088,Cut-off Valve GS-24ECH10 7130239, 7130239,PCS,0,419,404,15,87676.74
Home Appliances,Gree,Split AC,24000 BTU,03010103270003,Wall Mounting Frame 1252229,1252229,PCS,1,0,0,1,316.8
Home Appliances,Gree,Split AC,24000 BTU,03010103290002,Indoor  PCB 24CITH 30138737,30138737,PCS,0,3,0,3,6494.4
Home Appliances,Gree,Split AC,24000 BTU,03010103290012,Remote Control GS-24CITH1/GS-12/18CM11 30510516,30510516,PCS,4,0,0,4,3351.48
Home Appliances,Gree,Split AC,24000 BTU,03010103290017,Evaporator assy GS-24CITH1/GS-24CITH11W / GS-24CITH12W 1100100032LC,1100100032LC,PCS,22,19,40,1,155185.55
Home Appliances,Gree,Split AC,24000 BTU,03010103360014,Evaporator Assy 1100100311LC 24LM4L/24LM5L/24LM8L,1100100311LC,PCS,25,118,119,24,766796.02
Home Appliances,Gree,Split AC,24000 BTU,03010103380002,Indoor Main Board 24LITH11M 300002000335,300002000335,PCS,2,0,0,2,2000
Home Appliances,Gree,Split AC,24000 BTU,03010103380003,Cutt Off Valve 5/8  24LITH11M 7133844,7133844,PCS,30,297,322,5,171768.01
Home Appliances,Gree,Split AC,24000 BTU,03010103380013,Outdoor Electric Box Assy 24LITH11M 100002001069,100002001069,PCS,1,0,0,1,23251.9
Home Appliances,Gree,Split AC,24000 BTU,03010103380021,Evaporators Assy 24LITH11M 11001000095LC,11001000095LC,PCS,0,79,67,12,584537.95
Home Appliances,Gree,Split AC,24000 BTU,03010103420001,Outdoor Main Board 24CITH11/12G 300027000023,300027000023,PCS,10,9,14,5,153803.86
Home Appliances,Gree,Split AC,24000 BTU,03010103420003,Outdoor PCB 24CITH12G 300027060395,300027060395,PCS,3,1,2,2,-1856.28
Home Appliances,Gree,Split AC,24000 BTU,03010103440002,Outdoor Main Board GS-24AITH11W / GS-24FITH4W 300027000546 / 60102 24ish,300027000546,PCS,2,41,40,3,263044.6
Home Appliances,Gree,Split AC,24000 BTU,03010103440005,Indoor Stepping Motors 1521240210  GS-24AITH11W / GS-24ZITH1W,1521240210,PCS,10,1,2,9,4023.39
Home Appliances,Gree,Split AC,24000 BTU,03010103440012,Rectifier bridge 25A/800V (frequency conversion) GS-24AITH11W/24FITH4WB/24FITH5WB 46010609,46010609,PCS,40,0,20,20,1914.85
Home Appliances,Gree,Split AC,24000 BTU,03010103470006,"Packing Carton Outdoor PCB GS-24CITH13G 3Ply (15""x 10""x 5"") with Print 03010103470006",03010103470006,NOS,25,0,0,25,2450
Home Appliances,Gree,Split AC,24000 BTU,03010103470007,"Packing Carton Indoor PCB GS-24CITH13W  3Ply (10""x 8.5""x 3"") with Print 03010103470007",03010103470007,NOS,25,0,0,25,1400
Home Appliances,Gree,Split AC,24000 BTU,03010103470008,"Packing Carton Compressor GS-24CITH13W 5Ply (10.5""x10.5""x 17"") with Print 03010103470008",03010103470008,NOS,25,0,0,25,4000
Home Appliances,Gree,Split AC,24000 BTU,03010103470009,"Packing Carton Evaporator GS-24CITH13W 5Ply (40""x12""x10"") with Print 03010103470009",03010103470009,NOS,40,0,0,40,12400
Home Appliances,Gree,Floor Standing AC,24000 BTU,03010103570002,Outdoor Main Board GF-24ISH 300027060102,300027060102,PCS,0,7,4,3,233287.01
Home Appliances,Gree,Floor Standing AC,24000 BTU,03010103570004,Indoor PCB 24ISH 300002060135,300002060135,PCS,1,6,6,1,2727.09
Home Appliances,Gree,Split AC,24000 BTU,03010103620005,Cross flow fan GS-24PITH1W/15W / GS-24PITC12W-T3 103001060019,103001060019,PCS,7,6,6,7,6719.43
Home Appliances,Gree,Split AC,24000 BTU,03010103620006,Plasmacluster Ion 430001060002 GS-24PITH1W / GS-18PITC12W-T3,430001060002,PCS,0,3,2,1,1778.57
Home Appliances,Gree,Split AC,24000 BTU,03010103620012,Outdoor Electric Box 100002067148 GS-24PITH1W/O,100002067148,PCS,0,1,0,1,19292.97
Home Appliances,Gree,Split AC,24000 BTU,03010103620015,Indoor Electric Box Assy GS-24PITH1W 100002068589,100002068589,PCS,0,1,0,1,4376.07
Home Appliances,Gree,Split AC,24000 BTU,03010103620018,Evaporator Assy 24PITH1-2-11-21W / GS-24PITC12W-T3 11001061006LC,11001061006LC,PCS,4,207,186,25,-230372.94
Home Appliances,Gree,Split AC,24000 BTU,03010103630002,Outdoor Main Board 24PITH2W / 24FITH6C 300027060876,300027060876,PCS,3,13,13,3,140741.73
Home Appliances,Gree,Split AC,24000 BTU,03010103630003,Indoor Front Panel GS-24PITH2W/1W/11W 200003060167T / 6200003060167TLW,200003060167T,PCS,0,1,0,1,519.3
Home Appliances,Gree,Split AC,24000 BTU,03010103660001,Guide Louver 136060116 24PITH11W (Upper) (53805),136060116LW,PCS,0,1,0,1,194.7
Home Appliances,Gree,Split AC,24000 BTU,03010103660002,Guide Louver 136060117 24PITH11W (Lower) (53796),136060117LW,PCS,0,1,0,1,118.62
Home Appliances,Gree,Split AC,24000 BTU,03010103660003,Outdoor Main Board 24PITH11/12 300027061547,300027061547,PCS,6,45,42,9,295689.96
Home Appliances,Gree,Split AC,24000 BTU,03010103660006,Outdoor Electric Box Assy GS-24PITH11W 100002071155,100002071155,PCS,1,2,0,3,57240.38
Home Appliances,Gree,Split AC,24000 BTU,03010103660017,Filter Sub-Assy GS-24PITH11W / GS-24PITH21W-T3 / GS-24PITC12W-T3 111001060246,111001060246,PCS,2,0,0,2,893.09
Home Appliances,Gree,Split AC,24000 BTU,03010103720001,Indoor Font Panel GS-24PITH14S 200003060252TLS,200003060252TLS,PCS,0,2,1,1,4500
Home Appliances,Gree,Split AC,24000 BTU,03010103730001,Indoor Main Board GS-24PIT10W/I  GS-24PITC12W-T3 300002062615,300002062615,PCS,0,3,0,3,39544.43
Home Appliances,Gree,Split AC,24000 BTU,03010103730003,Outdoor Fan Motor GS-24PIT10W/O / GS-24PITC12W-T3 150101060511,150101060511,PCS,1,2,2,1,6077.26
Home Appliances,Gree,Split AC,24000 BTU,03010103760001,Outdoor Main Board W9241BU GS-24PITH10W 300027062660,300027062660,PCS,0,13,12,1,580840.28
Home Appliances,Gree,Split AC,24000 BTU,03010103770001,Handle GS-24PIT10W/ GS-18AITH23W-T3/GS-24PITH21W-T3 / GS-24PITC12W-T3  200149060018,200149060018,PCS,2,0,0,2,386.18
Home Appliances,Gree,Split AC,24000 BTU,03010103790001,Front Case Assy GS-24CM11 2060329,2060329,PCS,1,0,0,1,1981.34
Home Appliances,Gree,Split AC,24000 BTU,03010103790005,Guide Louver GS-24CM11 200004060193,200004060193,PCS,2,0,0,2,1074.62
Home Appliances,Gree,Split AC,24000 BTU,03010103790006,Front Panel GS-24CM11 200003060338T,200003060338T,PCS,1,2,0,3,2417.9
Home Appliances,Gree,Split AC,24000 BTU,03010103790008,Electric Box Assy GS-24CM11 100002079585,100002079585,PCS,2,0,0,2,7992.52
Home Appliances,Gree,Split AC,24000 BTU,03010103790009,Outdoor Fan Motor GS-24CM11 150101060512,150101060512,PCS,1,0,0,1,5305.96
Home Appliances,Gree,Split AC,24000 BTU,03010103790012,Air Louver GS-24CM11 200007060102,200007060102,PCS,1,0,0,1,20.15
Home Appliances,Gree,Split AC,24000 BTU,03010103790013,Filter Sub-Assy GS-24CM11 111001060337,111001060337,PCS,2,0,0,2,940.3
Home Appliances,Gree,Split AC,24000 BTU,03010103790014,Handle (Right) GS-24CM11 200149060023,200149060023,PCS,1,0,0,1,124.25
Home Appliances,Gree,Split AC,24000 BTU,03010103810001,Indoor Front Case Assy GS-24PITH21W-T3 2060289W,2060289W,PCS,1,0,0,1,2216.41
Home Appliances,Gree,Split AC,24000 BTU,03010103810002,Outdoor Front Panel GS-24PITH21W-T3/GB/18AITH/24VTIH 12073061611P,12073061611P,PCS,6,1,0,7,13731.9
Home Appliances,Gree,Split AC,24000 BTU,03010103810004,Indoor Electric Box Assy GS-24PITH21W-T3 100002082102,100002082102,PCS,2,0,0,2,9671.62
Home Appliances,Gree,Split AC,24000 BTU,03010103810006,Right Side Plate Assy GS-24PITH21W-T3/24VTIH / GS-24PITHGB  8106019303,8106019303,PCS,5,0,0,5,8395.5
Home Appliances,Gree,Split AC,24000 BTU,03010103810007,Outdoor Main Board GS-24PITH21GB-T3/GS-24PITH21W-T3 300027062215,300027062215,PCS,5,0,0,5,68339.37
Home Appliances,Gree,Split AC,24000 BTU,03010103810008,Magnet Coil GS-24PITH21GB-T3 4300040071,4300040071,PCS,1,0,0,1,470.15
Home Appliances,Gree,Split AC,24000 BTU,03010103820005,Guide Louver (upper) GS-24PITH21GB-T3 20000406014801P03,20000406014801P03,PCS,2,0,0,2,1880.59
Home Appliances,Gree,Split AC,24000 BTU,03010103820006,Air Louver GS-24PITH21GB-T3 20000706005701,20000706005701,PCS,1,0,0,1,6.72
Home Appliances,Gree,Split AC,24000 BTU,03010103820008,Indoor Electric Box Assy GS-24PITH21GB-T3 100002084949,100002084949,PCS,2,0,0,2,9671.62
Home Appliances,Gree,Split AC,24000 BTU,03010103820011,Electric Box Assy GS-24PITH21GB-T3 100002074226,100002074226,PCS,1,0,0,1,16488.76
Home Appliances,Gree,Split AC,24000 BTU,03010103820012,Front Grill GS-24PITH21GB-T3/GF-24VTIH 200057060016,200057060016,PCS,1,0,0,1,402.98
Home Appliances,Gree,Split AC,24000 BTU,03010103820013,Filter Sub-Assy GS-24PITH21GB-T3 / GS-24PITC12W-T3 11100106024603,11100106024603,PCS,1,0,0,1,503.73
Home Appliances,Gree,Split AC,24000 BTU,03010103820015,Air Louver GS-24PITH21GB-T3 20000706005801,20000706005801,PCS,1,0,0,1,10.08
Home Appliances,Gree,Split AC,24000 BTU,03010103820016,Air Louver GS-24PITH21GB-T3 20000706005901,20000706005901,PCS,1,0,0,1,13.43
Home Appliances,Gree,Split AC,24000 BTU,03010103820017,Outdoor Main Board GS-24PITH21GB-T3 / GS-24PITH15/ GS-24PITH16 /GS-24PITH17  300027065299,300027065299,PCS,0,1,0,1,13886.42
Home Appliances,Gree,Split AC,16000 BTU,03010105010006,Outdoor  Main PCB 16CIT3F 30138000703,30138000703,PCS,1,0,0,1,11178.74
Home Appliances,Gree,Split AC,16000 BTU,03010105020007,Outdoor Electric Box 16CITH3F 10000100314,10000100314,PCS,1,0,0,1,10313.6
Home Appliances,Gree,Split AC,16000 BTU,03010105020008,4 Way Valve Assy 16CITH3F 3073381,3073381,PCS,0,5,0,5,25138.91
Home Appliances,Gree,Split AC,11000 BTU,03010106010004,Indoor Main PCB 11CITH3F 30138000723,30138000723,PCS,0,3,0,3,5426.08
Home Appliances,Gree,Split AC,11000 BTU,03010106010017,Outdoor Fan Motor 11CITH3F 15013085,15013085,PCS,1,0,0,1,3940.88
Home Appliances,Gree,Split AC,11000 BTU,03010106010030,Cross Flow Fan 10352043,10352043,PCS,2,0,0,2,825.89
Home Appliances,Gree,Split AC,11000 BTU,03010106010049,Stepping Motor  11CITH/12CZ 1521212901 MP24AA - 12V,1521212901,PCS,1,274,282,-7,37591.3
Home Appliances,Gree,Split AC,11000 BTU,03010106040002,Indoor Electric Box Assy GS-11CITH13F 10000203866,10000203866,PCS,0,3,0,3,7588.8
Home Appliances,Gree,Split AC,26000 BTU,03010108010002,Front Case Assy GS-26AITH23W-T3 2060355,2060355,PCS,1,0,0,1,6078.34
Home Appliances,Gree,Split AC,26000 BTU,03010108010005,Guide Louver GS-26AITH23W-T3 200004060228,200004060228,PCS,1,0,0,1,537.31
Home Appliances,Gree,Split AC,26000 BTU,03010108010006,Indoor Electric Box Assy GS-26AITH23W-T3 100002080243,100002080243,PCS,3,0,0,3,18033.53
Home Appliances,Gree,Split AC,26000 BTU,03010108010007,Main Board GS-26AITH23W-T3 300027062262,300027062262,PCS,5,1,4,2,36756.55
Home Appliances,Gree,Split AC,26000 BTU,03010108020002,Indoor Main Board GS-26AITH23S-T3/GS-18AITH23W-T3 300002064034,300002064034,PCS,20,6,8,18,67166.45
Home Appliances,Gree,Split AC,26000 BTU,03010108020005,One way Valve GS-26AITH23S-T3 7335234,7335234,PCS,2,0,0,2,470.15
Home Appliances,Gree,Split AC,26000 BTU,03010108020007,Evaporator Assy GS-26AITH23S-T3/26-23W-T3/GS-24CM11/24aith 1100106241101,1100106241101,PCS,20,36,47,9,45958.03
Home Appliances,Gree,Split AC,26000 BTU,03010108020011,Rear Case Sub-Assy GS-26AITH23S-T3 37706010601,37706010601,PCS,1,0,0,1,2720.14
Home Appliances,Gree,Split AC,26000 BTU,03010108020013,Front Grill GS-26AITH23S-T3 200057060017,200057060017,PCS,1,0,0,1,436.57
Home Appliances,Gree,Split AC,26000 BTU,03010108020015,Cabinet GS-26AITH23S-T3 12022060019,12022060019,PCS,3,0,0,3,6649.24
Home Appliances,Gree,Split AC,26000 BTU,03010108020016,Axial Flow Fan GS-26AITH23S-T3/GF-36TFIH 103002060027,103002060027,PCS,2,0,0,2,1746.26
Home Appliances,Gree,Split AC,26000 BTU,03010108020019,Swing Lever GS-26AITH23S-T3  / GS-24ZITH 200035060042,200035060042,PCS,1,0,0,1,20.15
Home Appliances,Gree,Split AC,26000 BTU,03010108020020,Electric Box Assy GS-26AITH23S-T3 100002074294,100002074294,PCS,1,0,0,1,23708.89
Home Appliances,Gree,Split AC,26000 BTU,03010108020021,Air Louver  GS-26AITH23S-T3 GS-24ZITH1W 200007060103,200007060103,PCS,4,0,0,4,26.87
Home Appliances,Gree,Split AC,26000 BTU,03010108020024,Indoor Electric Box Assy GS-26AITH23S-T3 100002080245,100002080245,PCS,3,0,0,3,17932.79
Home Appliances,Gree,Split AC,26000 BTU,03010108020025,Air Louver 1 GS-26AITH23S-T3 200007060101,200007060101,PCS,3,0,0,3,40.3
Home Appliances,Gree,Split AC,26000 BTU,03010108020026,Air Louver 1 GS-26AITH23S-T3 GS-24ZITH1 200007060104,200007060104,PCS,3,0,0,3,40.3
Home Appliances,Gree,Split AC,26000 BTU,03010108020027,Temperature Sensor GS-26AITH23S-T3 3900030815,3900030815,PCS,10,0,0,10,4701.48
Home Appliances,Gree,Split AC,26000 BTU,03010108020028,Outdoor Rear Grill  GS-26AITH23S-T3 16001060087,16001060087,PCS,1,0,0,1,470.15
Home Appliances,Gree,Split AC,26000 BTU,03010108020029,OD Valve Cover GS-26AITH23S-T3 200087060008,200087060008,PCS,1,0,0,1,94.03
Home Appliances,Gree,Split AC,26000 BTU,03010108020030,Handle GS-26AITH23S-T3 200149060022,200149060022,PCS,1,0,0,1,235.07
Home Appliances,Gree,Split AC,26000 BTU,03010108020031,Bottom Cover Plate GS-26AITH23S-T3 18038500000401,18038500000401,PCS,5,0,0,5,2350.74
Home Appliances,Gree,Floor Standing AC,24000 BTU,03010201010029,Stepping Motor 24TFH 15214211,15214211,PCS,0,1,0,1,279
Home Appliances,Gree,Floor Standing AC,24000 BTU,03010201010045,Condenser Assy GF-24CB/48FW 1105179,1105179,PCS,1,0,0,1,15400.8
Home Appliances,Gree,Floor Standing AC,24000 BTU,03010201010064,Terminal Board42011113,42011113,PCS,0,5,0,5,328.65
Home Appliances,Gree,Floor Standing AC,24000 BTU,03010201050003,Evaporater Assy 24CD/24TFIH/24CB 1100100189,1100100189,PCS,3,14,12,5,189531.05
Home Appliances,Gree,Floor Standing AC,24000 BTU,03010201050011,Outdoor Fan Motor 24CD 1501420206,1501420206,PCS,0,1,0,1,3746.18
Home Appliances,Gree,Floor Standing AC,24000 BTU,03010201060012,Capillary Sub-Assy GF-24CDH 3005454,3005454,PCS,0,4,1,3,3597.45
Home Appliances,Gree,Floor Standing AC,24000 BTU,03010201080024,Step Motors 24IPH 1521401501,1521401501,PCS,4,2,2,4,3124.8
Home Appliances,Gree,Floor Standing AC,24000 BTU,03010201080027,Remote Control 24IPH 30510472,30510472,PCS,1,0,0,1,2507.98
Home Appliances,Gree,Floor Standing AC,24000 BTU,03010201080028,Cross Flow fan 24IPH / 24ISH 10354005,10354005,PCS,0,5,4,1,3245.27
Home Appliances,Gree,Floor Standing AC,24000 BTU,03010201080032,Step Motor 24IPH 15214013,15214013,PCS,1,0,0,1,373.01
Home Appliances,Gree,Floor Standing AC,24000 BTU,03010201110014,Air Outlet Panel Assy (52080) GF-24TFH 801400056,801400056,PCS,0,5,2,3,8212.08
Home Appliances,Gree,Floor Standing AC,24000 BTU,03010201110016,Air Intake Panel Assy GF-24TFH 410001901,410001901,PCS,0,3,2,1,3085.28
Home Appliances,Gree,Floor Standing AC,24000 BTU,03010201110021,Display Sub-Assy (52232) GF-24TFH 57000031,57000031,PCS,0,2,0,2,9916.32
Home Appliances,Gree,Floor Standing AC,24000 BTU,03010201120002,Display Board 24FITH6G 300001060401,300001060401,PCS,2,12,11,3,2117.46
Home Appliances,Gree,Floor Standing AC,24000 BTU,03010201130001,Indoor Fan Motor GF-24TFIH/GS-24PITH21GB-T3 1501506409,1501506409,PCS,1,0,0,1,5291.66
Home Appliances,Gree,Floor Standing AC,24000 BTU,03010201130008,Outdoor Front Panel Assy GF-24TF/24TFIH 3060561,3060561,PCS,0,1,0,1,1618.2
Home Appliances,Gree,Floor Standing AC,24000 BTU,03010201130013,Front Door Plate Sub-assy GF-24TFIH/24TFH (56199) 55000030,55000030,PCS,0,4,2,2,1188
Home Appliances,Gree,Floor Standing AC,24000 BTU,03010201130016,Indoor Top Cover Sub-Assy GF-24TFIH 20906900008,20906900008,PCS,0,3,2,1,984.68
Home Appliances,Gree,Floor Standing AC,24000 BTU,03010201140004,"Compressor and Fittings	GF-24TF 9001060786L",9001060786L,PCS,0,3,2,1,58000
Home Appliances,Gree,Floor Standing AC,24000 BTU,03010201150001,Remote Controller GF-24VTIH 305001060250,305001060250,PCS,2,0,0,2,2686.56
Home Appliances,Gree,Floor Standing AC,24000 BTU,03010201150002,Axile Bush 1 (door plate) GF-24VTIH 10544016,10544016,PCS,1,0,0,1,6.72
Home Appliances,Gree,Floor Standing AC,24000 BTU,03010201150003,Axile Bush 2 (door plate) GF-24VTIH 10544017,10544017,PCS,1,0,0,1,6.72
Home Appliances,Gree,Floor Standing AC,24000 BTU,03010201150004,Evaporator Assy GF-24VTIH 11001063356,11001063356,PCS,12,7,14,5,241387.42
Home Appliances,Gree,Floor Standing AC,24000 BTU,03010201150006,Air Intake Panel GF-24VTIH 20006406005701,20006406005701,PCS,1,0,0,1,4701.48
Home Appliances,Gree,Floor Standing AC,24000 BTU,03010201150010,indoor Electric Box Cover  GF-24VTIH 100002074593,100002074593,PCS,3,0,0,3,2317.16
Home Appliances,Gree,Floor Standing AC,24000 BTU,03010201150011,Centrifugal Fan GF-24VTIH 103003060034,103003060034,PCS,0,1,0,1,2216.41
Home Appliances,Gree,Floor Standing AC,24000 BTU,03010201150012,Water Tray GF-24VTIH 200063060034,200063060034,PCS,1,0,0,1,268.66
Home Appliances,Gree,Floor Standing AC,24000 BTU,03010201150013,Main Board GF-24VTIH 300002064304,300002064304,PCS,3,2,2,3,9167.89
Home Appliances,Gree,Floor Standing AC,24000 BTU,03010201150014,Electric Box Assy GF-24VTIH 100002083203,100002083203,PCS,2,0,0,2,34387.97
Home Appliances,Gree,Floor Standing AC,24000 BTU,03010201150015,Roller sub-assy (slide rail) GF-24VTIH 73014040,73014040,PCS,2,0,0,2,201.49
Home Appliances,Gree,Floor Standing AC,24000 BTU,03010201150016,Stepping Motor GF-24VTIH 1501213903,1501213903,PCS,30,0,0,30,9873.11
Home Appliances,Gree,Floor Standing AC,24000 BTU,03010201150017,Stepping Motor GF-24VTIH 1501213907,1501213907,PCS,10,0,0,10,3358.2
Home Appliances,Gree,Floor Standing AC,24000 BTU,03010201150019,Temperature Sensor GF-24VTIH 3900013724,3900013724,PCS,10,3,6,7,2103.41
Home Appliances,Gree,Floor Standing AC,24000 BTU,03010201150023,Air deflector (rear) GF-24VTIH 200004060175,200004060175,PCS,1,0,0,1,805.97
Home Appliances,Gree,Floor Standing AC,24000 BTU,03010201150024,Air deflector (front) GF-24VTIH 200004060176,200004060176,PCS,1,0,0,1,436.57
Home Appliances,Gree,Floor Standing AC,24000 BTU,03010201150025,Sweep blade (upper 2) GF-24VTIH 200007060071,200007060071,PCS,1,0,0,1,67.16
Home Appliances,Gree,Floor Standing AC,24000 BTU,03010201150026,Sweep blade (upper 1) GF-24VTIH 200007060072,200007060072,PCS,1,0,0,1,67.16
Home Appliances,Gree,Floor Standing AC,24000 BTU,03010201150027,Axile Bush GF-24VTIH 200016060019,200016060019,PCS,1,0,0,1,6.72
Home Appliances,Gree,Floor Standing AC,24000 BTU,03010201150029,Gear GF-24VTIH 200194000004,200194000004,PCS,1,0,0,1,16.79
Home Appliances,Gree,Floor Standing AC,24000 BTU,03010201150030,Panel grille (head) GF-24VTIH 200221060011,200221060011,PCS,1,0,0,1,537.31
Home Appliances,Gree,Floor Standing AC,24000 BTU,03010201150031,Panel grille (lower) GF-24VTIH 200221060012,200221060012,PCS,2,0,0,2,335.82
Home Appliances,Gree,Floor Standing AC,24000 BTU,03010201150032,Guide Blade Lever GF-24VTIH 200235060023,200235060023,PCS,1,0,0,1,10.08
Home Appliances,Gree,Floor Standing AC,24000 BTU,03010201150033,Display Board GF-24VTIH 300001061674,300001061674,PCS,1,0,0,1,3156.71
Home Appliances,Gree,Floor Standing AC,24000 BTU,03010201150034,Main Board GF-24VTIH 300027064147,300027064147,PCS,5,6,7,4,98171.47
Home Appliances,Gree,Floor Standing AC,24000 BTU,03010201150035,Terminal Board GF-24VTIH 422000060091,422000060091,PCS,1,0,0,1,100.75
Home Appliances,Gree,Floor Standing AC,24000 BTU,03010201150036,Filter Sub-Assy GF-24VTIH 11100106031301,11100106031301,PCS,1,0,0,1,470.15
Home Appliances,Gree,Floor Standing AC,24000 BTU,03010201150037,Guide Louver (lower) GF-24VTIH 20000406017401,20000406017401,PCS,1,0,0,1,23.51
Home Appliances,Gree,Floor Standing AC,24000 BTU,03010201150038,Bushing (head) GF-24VTIH 20001606000901,20001606000901,PCS,1,0,0,1,6.72
Home Appliances,Gree,Floor Standing AC,24000 BTU,03010201150039,Axile Bush GF-24VTIH  20001606001401,20001606001401,PCS,2,0,0,2,13.43
Home Appliances,Gree,Floor Standing AC,24000 BTU,03010201570003,ID Rear Case Sub-Assy (45439)  GF-24ISH 13500009,13500009,PCS,0,1,0,1,10051.2
Home Appliances,Gree,Floor Standing AC,24000 BTU,03010201570006,Indoor Fan Motor GF-24ISH 15012143/1501214312,1501214312,PCS,0,15,8,7,51795.74
Home Appliances,Gree,Floor Standing AC,48000 BTU,03010202020044,Capillary Sub-assy GF-48CB4 300506305,300506305,PCS,0,1,0,1,32145.77
Home Appliances,Gree,Floor Standing AC,48000 BTU,03010202040003,Compressors and Fitting 48FW / 48CB 103704,103704,PCS,6,3,2,7,617605.86
Home Appliances,Gree,Floor Standing AC,48000 BTU,03010202040031,EOL PNA (CHINA SUPPLIER ) Capillary Sub Assy 48FW 3005160 / 3004017 / 300506305,3005160,PCS,0,5,4,1,124752.2
Home Appliances,Gree,Floor Standing AC,48000 BTU,03010202040060,"Packing Caton Compressor GF-48FW 7Ply (12.5""x12.5""x20"") with Print 03010202040060",03010202040060,NOS,25,0,0,25,7000
Home Appliances,Gree,Floor Standing AC,48000 BTU,03010202040061,"Packing Caton Indoor Fan Motor GF-48FW 3Ply (8""x8""x8"") With Print 03010202040061",03010202040061,NOS,25,0,0,25,1750
Home Appliances,Gree,Floor Standing AC,48000 BTU,03010202090002,Indoor Main PCB 48FWITH 30138000684,30138000684,PCS,2,0,0,2,5324.52
Home Appliances,Gree,Floor Standing AC,48000 BTU,03010202090006,Electric Expansion Valve 48FWITH 7135439, 7135439,PCS,0,2,0,2,7955.2
Home Appliances,Gree,Floor Standing AC,48000 BTU,03010202110001,Outdoor Electric Box GF-48TFIH 100002065730,100002065730,PCS,0,1,0,1,598559.94
Home Appliances,Gree,Floor Standing AC,48000 BTU,03010202110006,Outdoor Fan Motor GF-48TFIH 1570410001301,1570410001301,PCS,0,1,0,1,27000
Home Appliances,Gree,Floor Standing AC,48000 BTU,03010202110009,Outdoor Filter Board GF-48TFIH 300020060039,300020060039,PCS,1,0,0,1,4348.01
Home Appliances,Gree,Floor Standing AC,48000 BTU,03010202110011,Compressor and Fittings GF-48TFIH 9001060077,GF9001060077,PCS,0,4,3,1,-65949.31
Home Appliances,Gree,Floor Standing AC,48000 BTU,03010202120002,Compressor and Fittings GF-48TF 9001000235,9001000235,PCS,1,11,10,2,2411922.02
Home Appliances,Gree,Floor Standing AC,48000 BTU,03010202120004,Indoor Fan Motor GF-48TF 1501442409,1501442409,PCS,1,0,0,1,13681.03
Home Appliances,Gree,Floor Standing AC,48000 BTU,03010202120006,Indoor Display Board GF-48TF (55747) 300001000197,300001000197,PCS,0,4,2,2,3720
Home Appliances,Gree,Floor Standing AC,36000 BTU,03010204010005,Compressor and Fittings 36TFIH 9001060690,9001060690,PCS,1,0,0,1,40722.34
Home Appliances,Gree,Floor Standing AC,36000 BTU,03010204010008,Indoor Main Board GF-36TFIH 300002062460,300002062460,PCS,1,3,2,2,16226.65
Home Appliances,Gree,Floor Standing AC,36000 BTU,03010204010009,Remote Controller GF-36TFIH/I 305001060145,305001060145,PCS,0,5,0,5,19789.76
Home Appliances,Gree,Floor Standing AC,36000 BTU,03010204010010,Display Board GF-36TFIH/ GF-24TFIH 300001000195,300001000195,PCS,0,3,2,1,-876.53
Home Appliances,Gree,Water Dispensors,Models,03010301010015,Thermostat (Cold Tank) GY-LRS22B117300007,117300007,PCS,0,8,4,4,2702.95
Home Appliances,Gree,Water Dispensors,Models,03010301020007,Child Lock (White) GW-JL500F (46579) 128404610,128404610,PCS,10,0,0,10,461.95
Home Appliances,Gree,Water Dispensors,Models,03010301020011,Spring GW-JL500F (37893) 709600070,709600070,PCS,16,1,2,15,66.16
Home Appliances,Gree,Water Dispensors,Models,03010301020012,Spring GW-JL500F (37894) 709600071,709600071,PCS,15,8,11,12,112.02
Home Appliances,Gree,Water Dispensors,Models,03010301020013,Water Faucet GW-JL500F 128404771,128404771,PCS,1,15,15,1,75.3
Home Appliances,Gree,Water Dispensors,Models,03010301020014,Button (Left) (Hot) GW-JL500F 128404621P03,128404621P03,PCS,3,0,0,3,286.19
Home Appliances,Gree,Water Dispensors,Models,03010301020015,Spilit Flow cover JL500F 12510002701,12510002701,PCS,3,1,3,1,166.35
Home Appliances,Gree,Water Dispensors,Models,03010301020017,Smart Block (Cap) GW-JL500 12840390801,12840390801,PCS,10,61,70,1,12797.37
Home Appliances,Gree,Water Dispensors,Models,03010301020020,Water Tray GW-JL500F 128404585P,128404585P,PCS,10,0,0,10,3134.48
Home Appliances,Gree,Water Dispensors,Models,03010301020026,Temperature Controller 86°c GW-JL500F With Fridge 117300026,117300026,PCS,4,2,4,2,216.14
Home Appliances,Gree,Water Dispensors,Models,03010301020030,Hot Tank JL500F 13320023804,13320023804,PCS,1,6,6,1,4592.72
Home Appliances,Gree,Water Dispensors,Models,03010301020031,Cold tank GW-JL500F 18006440005,18006440005,PCS,2,5,4,3,7166.17
Home Appliances,Gree,Water Dispensors,Models,03010301020036,Outlet pipe 1 128990775 GW-JL500F,128990775,PCS,5,0,0,5,339.56
Home Appliances,Gree,Water Dispensors,Models,03010301020037,Outlet pipe 2 128990762 GW-JL500F,128990762,PCS,10,0,0,10,500
Home Appliances,Gree,Water Dispensors,Models,03010301020038,Outlet pipe 3 128990767 GW-JL500F,128990767,PCS,8,0,0,8,400
Home Appliances,Gree,Water Dispensors,Models,03010301020041,Button(middle) (Normal) GW-JL400FS (37811) 128404845P03,128404845P03,PCS,12,16,25,3,1075.88
Home Appliances,Gree,Water Dispensors,Models,03010301020048,Condenser GW-JL500F 1264240003,1264240003,PCS,0,1,0,1,2000
Home Appliances,Gree,Water Dispensors,Models,03010301040009,Hot Tank 128400867  GW-JL400FC,128400867,PCS,4,9,12,1,3160
Home Appliances,Gree,Water Dispensors,Models,03010301070002,Cap of Water faucet  GW-JL500F (41844) 18009840003,18009840003,PCS,31,10,15,26,160.62
Home Appliances,Gree,Water Dispensors,Models,03010301070003,Cold tank Sub-assy 133000388 (39274) GW-JL500F,133000388,PCS,0,3,2,1,4580.58
Home Appliances,Gree,Water Dispensors,Models,03010301070005,Sealing Rings GW-JL500 128990865,128990865,PCS,25,1,2,24,7207.94
Home Appliances,Gree,Water Dispensors,Models,03010301070006,Base GW-JL500F 128404582,128404582,PCS,0,4,3,1,-513.08
Home Appliances,Gree,Water Dispensors,Models,03010301070008,Water Tray GW-JL500FC 128404585P01,128404585P01,PCS,5,0,0,5,1600.47
Home Appliances,Gree,Water Dispensors,Models,03010301070009,Button (left) Golden GW-JL500FC 128404621P01,128404621P01,PCS,15,0,0,15,1521.04
Home Appliances,Gree,Refrigerator,Conventional,03010501020003,Drier  Fillter 310G 340G 310V 340V GR02-72710009,GR02-72710009,PCS,0,411,402,9,30123.77
Home Appliances,Gree,Refrigerator,Conventional,03010501020006,FAN COVER Common Model GR08-71510015,GR08-71510015,PCS,1,0,0,1,33.25
Home Appliances,Gree,Refrigerator,Conventional,03010501020007,COMPRESSOR - 95AT 310 GR18-73710005,GR18-73710005,PCS,5,8,4,9,46592.33
Home Appliances,Gree,Refrigerator,Conventional,03010501020008,FAN BOX Common Model GR08-71510034,GR08-71510034,PCS,1,0,0,1,69.69
Home Appliances,Gree,Refrigerator,Conventional,03010501020037,thermostat all models 100157 GR-310G-CR1 GR12-41100157,GR12-41100157,PCS,0,8,5,3,3173.07
Home Appliances,Gree,Refrigerator,Conventional,03010501050003,COMPRESSOR - 12AT 360 GR18-73710006,GR18-73710006,PCS,10,1,2,9,52668
Home Appliances,Gree,Refrigerator,Conventional,03010501070003,Ref Gas kit GR-340/360CD1 GR32-501070003,GR32-501070003,PCS,10,3,6,7,6921.38
Home Appliances,Gree,Refrigerator,Conventional,03010501280011,LED BULB WITH HOLDERS GR-D310G( 5684)  100044,100044,PCS,41,6,10,37,7303.68
Home Appliances,Gree,Refrigerator,Conventional,03010501290009,Rely 95AT GR-D340-CB2 GR18-73712205,GR18-73712205,PCS,0,5,4,1,208.93
Home Appliances,Gree,Refrigerator,Conventional,03010501700002,"THERMOSTAT WDF27-EX DD-388,448 GR-E8768-CB2 GR12-E51510027",GR12-E51510027,PCS,15,41,39,17,6300.74
Home Appliances,Gree,Refrigerator,Conventional,03010501730001,Ref Door Gas Kit GR-E9978G-CW1 GR32-E51520001,GR32-E51520001,PCS,0,37,34,3,3191.26
Home Appliances,Gree,Refrigerator,Conventional,03010501730005,Compressors ENK150KL GR-E9978G-CW1 GR18-E51519002,GR18-E51519002,PCS,11,27,37,1,-52143.53
Home Appliances,Gree,Refrigerator,Conventional,03010501730007,REF GLASS SHELF DD-493 GR-E9978G-CW1 GR24-E775100203,GR24-E775100203,PCS,0,8,0,8,2078.94
Home Appliances,Gree,Refrigerator,Conventional,03010501730012,Vegetable Box DD-493GR-E9978G-CW1GR23-E515130011,GR23-E515130011,PCS,0,2,0,2,744.03
Home Appliances,Gree,Refrigerator,Conventional,03010501740001,REF Fan Motor( AC~) GR-E8768G-CW1 GR04-E5150001,GR04-E5150001,PCS,74,115,180,9,46167.87
Home Appliances,Gree,Refrigerator,Conventional,03010501740002,Fan Motor DC GR-E8768G-CW1 GR04-E5150002,GR04-E5150002,PCS,2,1,2,1,727.41
Home Appliances,Gree,Refrigerator,Conventional,03010501740003,REF Gas Kit GR-E8768G-CW1 GR32-E51520003,GR32-E51520003,PCS,2,6,7,1,367.88
Home Appliances,Gree,Refrigerator,Conventional,03010501740025,PTC (QP2-15) Common GR33-E77610086,GR33-E77610086,PCS,18,351,345,24,14631.66
Home Appliances,Gree,Refrigerator,Conventional,03010501740028,REF TEMPRATURE SENSOR Common GR35-E77610089,GR35-E77610089,PCS,0,3,2,1,108.2
Home Appliances,Gree,Refrigerator,Conventional,03010501740031,EVAPORATOR TRAY Common GR36-E77610092,GR36-E77610092,PCS,30,12,32,10,1950.19
Home Appliances,Gree,Refrigerator,Conventional,03010501740048,Bottle Rack  GR-E8768G-CW1 GR19-79260013,GR19-79260013,PCS,4,0,0,4,757.72
Home Appliances,Gree,Refrigerator,Conventional,03010501740051,OLP EVEREST SERIES GR33-E77610091,GR33-E77610091,PCS,20,199,195,24,9716.69
Home Appliances,Gree,Refrigerator,Conventional,03010501740052,Sensor Everest Series GR35-E77610089,GR35-E77610089,PCS,0,4,2,2,200
Home Appliances,Gree,Refrigerator,Conventional,03010501750001,Freezer Door Gas Kit GR-E8768G-CW1 GR32-E51520004,GR32-E51520004,PCS,11,2,3,10,4597.97
Home Appliances,Gree,Refrigerator,Conventional,03010501780002,Ref Gas Kit GR-E8890G-CR2 GR32-E51520006,GR32-E51520006,PCS,0,7,6,1,380
Home Appliances,Gree,Refrigerator,Conventional,03010501840009,Fridge Door Gas Kit  GR-E8890G-CB2 GR19-E51520008,GR19-E51520008,PCS,0,6,3,3,2262.9
Home Appliances,Gree,Refrigerator,Inverter,03010502010082,IMPORTED FRIDGE PART GIRF-3250134 (Sensor),GIRF-3250134,PCS,0,10,8,2,1800
Home Appliances,Gree,Refrigerator,Inverter,03010502010122,IMPORTED FRIDGE PART GIRF-3251360 (Fuse),GIRF-3251360,PCS,10,95,96,9,1529.61
Home Appliances,Gree,Refrigerator,Inverter,03010502070002,PCB GRIS-300G-CB1Y 904201000005,904201000005,PCS,0,3,2,1,4355.86
Home Appliances,Gree,Refrigerator,Conventional 2,03010503020002,Fridge gass kit GR-D7620-CR2 7620147258,7620147258,PCS,0,11,2,9,4256.41
Home Appliances,Gree,Refrigerator,No Frost Inverter,03010504020002,Main PCB 305062303 GRID-250G-CD1Y,305062303,PCS,0,1,0,1,1760
Home Appliances,Gree,SPLIT AC 2,12000 BTU,03010801020001,Indoor Main Board GS-12AITH24W-T3/18AITH/24AITH 300002065053,300002065053,PCS,0,13,4,9,45600.04
Home Appliances,Gree,SPLIT AC 2,12000 BTU,03010801040001,Indoor Main Board GS-12PITH15/16/17/18 W-T3 300002062528,300002062528,PCS,0,10,0,10,25365.57
Home Appliances,Gree,SPLIT AC 2,12000 BTU,03010801040002,"Outdoor Main Board GS-12PITH18G-T3(15,16,17) 300027064536",300027064536,PCS,0,10,0,10,107430.36
Home Appliances,Gree,SPLIT AC 2,18000 BTU,03010802020001,Outdoor Main Board GS-18AITH24W-T3 300027063635,300027063635,PCS,0,7,5,2,26577.81
Home Appliances,Gree,SPLIT AC 2,18000 BTU,03010802090001,Indoor Main Board GS-18ZITH1W-T3 300002063713,300002063713,PCS,0,6,2,4,11053.66
Home Appliances,Gree,SPLIT AC 2,18000 BTU,03010802090002,Outdoor Main Board GS-18ZITH1W-T3 300027064576,300027064576,PCS,0,4,0,4,47976.24
LCAC,IN-DOOR MODEL,T1 R410 DC Inverter Indoor Units,12000 BTU,06010302010042,Brushless DC Motor GU71T/A-T / GKH24KF1,1570940000401,PCS,0,1,0,1,22550
LCAC,IN-DOOR MODEL,T1 R410 DC Inverter Indoor Units,18000 BTU,06010303020001,Evaporator Assy GKH18K3FI 01029400045,01029400045,PCS,1,0,0,1,29449
LCAC,IN-DOOR MODEL,T1 R410 DC Inverter Indoor Units,18000 BTU,06010303020011,Water Level Switch GKH24KF1,45018012,PCS,1,1,0,2,4953.45
LCAC,IN-DOOR MODEL,T1 R410 DC Inverter Indoor Units,18000 BTU,06010303040001,"Indoor PCB     GUD50T1/B-S	300002062359",300002062359,PCS,0,1,0,1,31000
LCAC,IN-DOOR MODEL,T1 R410 DC Inverter Indoor Units,24000 BTU,06010304030019,Evaporator Assy,01029400046,PCS,0,1,0,1,0
LCAC,IN-DOOR MODEL,T1 R410 DC Inverter Indoor Units,36000 BTU,06010306020001,Main Board GUHD24NK3FO / GFH48K3BI / GKH24K3HI  / GKH36K3BI,30224000028,PCS,0,7,5,2,44239.14
LCAC,IN-DOOR MODEL,T1 R410 DC Inverter Indoor Units,48000 BTU,06010308020001,Evaporator Assy,01029400054,PCS,0,1,0,1,74800
LCAC,IN-DOOR MODEL,T1 R410 DC Inverter Indoor Units,60000 BTU,06010309030029,Main Board,30224000029,PCS,1,0,0,1,24273
